s.no;Random;age;department_name;class_name;clothing_id;alike_feedback_count;rating;recommend_index ;review_text
6081;0,0453869088396177;36;Dresses;Dresses;1104;1;5;1;This dress hits flatters the whole body. love the three quarter sleeves, love the relaxed fit of the bottom half. love how it is fitted, body conscious around bust. super flattering. the teal color is particularly gorgeous. a color that would suit a lot of different skin tones. this is a no-brainer dress that you will reach for in your closet every single time.
19786;0,0454619402484992;37;Tops;Sweaters;952;0;5;1;Bought on a whim as a gift for my mom, fit perfectly and she loved the details. did not complain of itching as with prior review. it is more blue than gray appearing the photo.
15675;0,0455000529147036;51;Tops;Blouses;832;1;5;1;This top is super cute, nice and light for the hot weather, with a tts fit. the model is wearing a light-colored bra, so it shows through. but, with a black bra, there is no problem.
7551;0,045646583497452;57;Dresses;Dresses;1078;19;4;0;I was hoping this dress was a bit thicker, but when i tried it on the fabric was very thin and sheer. because of the body skimming design, this dress likely won't work on many without some serious spanx or body trimming hosiery. if you work out and are very fit, you might like it, but i don't so i'm not that brave! lol
10199;0,0457774051142762;48;Tops;Knits;872;9;5;1;"Just picked this up in my retailer store and i love it. i bought the orange print and the colors are vibrant and perfect for summer. i am 5'5"" and  140 lbs. i took a small which is my usual size at retailer. could be worn unbuttoned as a sleeveless cardi over a tank. i will wear a cami underneath as it is sheer, but that doesn't bother me. another shopper was trying this on in the fitting room and it looked great on both of us. i will wear this all summer long. looks great with denim. happy find!"
15798;0,0458247374995406;29;Dresses;Dresses;1110;2;3;0;I so wanted to love this dress, but the bell sleeves were enormous! if you're standing completely still with your arms down they look cool, but if you move your arms at all it looks like you have wings. the rest of the dress was beautiful, though, and a flattering swingy shape even on an hourglass/pear shaped figure. i would recommend sizing down, as the dress runs large.
17058;0,0458675812999676;27;Tops;Blouses;829;0;3;0;I liked the quality of the top and the design. but when i got a top that fit well across the chest, it was shorter than i usually like my tops, so i will be returning it.
15916;0,0459068444916542;49;Tops;Knits;862;12;5;1;I didn't pay much attention to this shirt on the website...when i was in the store yesterday though, i grabbed the green color because it's so pretty! i went back home to see which shirt this was on the website and was surprised. the picture here really doesn't do it justice. it's very soft, has a beautiful and flattering necklace and the flutter sleeves hang nicely rather than puffing out (like snow white...which isn't my goal!). also, because the sleeves drape nicely, you could wear it under s
4434;0,0460601720979167;40;Tops;Knits;872;0;5;1;This blouse is so much cuter in person! and it's more golden than yellow so it's not as bright which makes it easier for blondes to wear. i tried it on thinking i'd never be able to pull the color off but loved it enough to try, and wow so perfect! i had to get it and it was on sale. love this and happy to add it to my antro collection!
2284;0,046231487056675;46;Dresses;Dresses;1081;1;4;1;"First i think this dress runs a bit large - i am 5'5"" and about 140, athletic build. i tried on a l, m, s and ended up keeping the small. it is also a bit longer than i'd like, hits me in the mid-knee in the back hem, and barely above my knee on the front hem, not mid-thigh like on the tall model. i probably would have preferred a petite size but they were sold out. anyhow i decided to keep this dress because it is super comfortable but still stylish enough to wear to work. the slightly fitted a"
15822;0,0463225201366937;36;Tops;Blouses;850;0;2;0;I read the previous reviews and ordered down a size knowing that the shirt runs big.   i really wanted to love the shirt however it was a tent. with all of the extra material in the back, it billowed out in all the wrong places. the material is comfy and it's a very cute concept, just didn't work for me.
16838;0,0463326155236111;49;Tops;Knits;854;0;5;1;"Very pretty and delicate top. it is fresh and with a delicate embroidered ""bib"" style. the fabric on the front is silky and the back is a blend of silk and cotton, just that part (the back) could be a little thicker so more durability. still as it is, it's a niece piece and good quality.
i find it you can wear it with dress pants for office or formal gathering and to dress up jeans and either to leave it our or tuck in. since the bib is focal point you can skip any necklace and war dainty earrin"
3021;0,0463720050401725;50;Bottoms;Jeans;1022;4;5;1;I wear jeans so much, therefore i love to a variety in color. these jeans are so comfortable. they are like wearing sweat pants, but they truly keep their shape so well. i bought the red, which is a year around red, kind of a bright apple red. i will definitely be buying another pair of these ag jeans.
123;0,0464034848189565;42;Dresses;Dresses;1104;0;5;1;I didn't think it was that cute in the picture online but when i saw it in the store i was in love!  i am typically a medium and this was true with this.  i have a 34dd chest and you can wear a strapless easily with it and it doesn't show. i am going to wear it for a cocktail party but it would work with flip flops too.  just love it so happy i went into the store and saw it.
7885;0,0464604412686464;36;Intimate;Sleep;172;2;5;1;The pictures don't do this justice. it's so beautiful on. drapes incredibly. the cream color is a warm, creamy bright off white. looks really nice. incredibly comfortable. i could see this being an excellent item to wear on planes. super cozy and chic. a must have.
1539;0,0464829165270871;51;Jackets;Outerwear;1117;0;5;1;Love this piece. it is warm and attractive and will set any outfit off from a dress to jeans and a t-shirt. i look forward to wearing it often.
20000;0,0464908040906867;38;Tops;Knits;860;0;3;1;"This top came down to my hip bones, but i am short-waisted. the shirt definitely fits shorter than in the photo. the measurements listed for ""regular"" seem to be a bit shorter than the 26"" l measurement i got when i measured it. i think the quality is nice, and though it could likely easily snag if you're not one who is used to wearing delicate clothing, i didn't find this top to be flimsy at all. for reference i purchased a l and the fit is more form-fitting on me than it is on the model, but n"
19025;0,0465133491913161;56;Bottoms;Jeans;1028;6;3;1;I had high hopes for these as coh is my favorite brand of denim, and these crops were made specifically for petites. also, i was happy to see they were described as a straight jean, not a skinny. the fit and sizing seems to be a little off. i ordered my regular size in this brand, 27p, but they were too big. sized down to a 26p. they were still too large in the waist (seemed very stretchy) but fit well in the legs. i like the fact that these crops were made for petites so the length was perfect,
3336;0,046519855048673;43;Bottoms;Shorts;460;0;5;1;Love this romper. fits perfectly, and looks like the picture. i'm 5 ft 7, 125 lbs, and usually am a size 4 or small. i ordered a small, and it fits beautifully. i've worn this a lot this summer in florida, and am getting a lot of compliments. don't be put of by the long sleeves for summer wear- the romper is loose enough and has a nice flow to it.
13716;0,0466899498793326;43;Tops;Blouses;834;0;5;1;I got this shirt in red plaid and love it. super cute without being too trendy. i wore it with shorts and got lots of compliments.
6728;0,046711686193327;31;Dresses;Dresses;1111;0;5;1;"I am 6'2"" and athletically built, and i usually have issues with dresses being long enough for me, but this beauty has the perfect fit and perfect length. it is very flattering. the weight of the dress allows it to move with you. it is form-fitting, but loose at the same time, so your body doesn't look lost in the material. you can dress it up with heels, or wear it with boots or sandals to be a bit more casual."
240;0,0467136637438445;27;Bottoms;Skirts;1020;6;4;1;I also agree that this piece ran very small. my normal size did not zip up. i sized up a size, and it pulled across my thighs. i sized up two sizes, and it fit as i had hoped it would. if you get the right size, it is beautiful on. the colors are so fun, and i love the side slit. i bought it to wear to work with a blouse or blazer, and it is definitely a statement piece.
12808;0,0467269812225568;47;Tops;Blouses;824;0;4;1;This is a beautiful top.  the detail in the pattern of the fabric is gorgeous and the color goes great with jeans.  love the design of arm holes, they don't show your bra!  the only con is price, but it's a keeper.
17034;0,0468368730099705;62;Tops;Knits;863;0;4;1;This top fits a bit trimmer than the summer version of this top did. the lavender color is muted and a nice fall transition color.
555;0,0468763417289502;56;Intimate;Lounge;377;3;5;1;This is a great top. i almost walked right by it because it is so simplistic compared to the other things in retailer. i just wanted something super casual and this fits the bill. the fabric is a dream and it has a nice drape without being overly voluminous. i usually love white tops but the white was my least favorite. i ended up getting the moss and the gray. i could have gotten either the xs or the s. i went with the small because it was a little longer and had a wee bit more room in the upper
19420;0,0468773326958407;29;Tops;Blouses;836;1;1;0;Absolutely beautiful top, worn once...hand washed and that's all she wrote..ruined!! the black trim bled all over the top!! i tried everything you could imagine to get this back to normal! do not recommend!! :(
15809;0,0469155081595165;23;Dresses;Dresses;1094;0;5;1;Another excellent maxi dress by ranna gill. usually this brand of dresses tends to run small in the bodice requiring me to go up a size but i found that this dress ran true to size. i got a petite as well cause the standard size was a touch too long for me. very happy with the color, quality and uniqueness of the dress!
4128;0,046940372254319;31;Bottoms;Skirts;1020;0;4;1;"I'm curvy on the bottom, and i think this is quite flattering for curves. i'd definitely advise sizing up on this one. because it's flared, i can wear it higher up on my waist. but that's not ideal, and i think a bigger size will fit better. it's a very lightweight fabric and does wrinkle easily. the color i got was a faded denim blue. this is a lot lighter than what i'd call ""dark denim""."
9062;0,0469483612089252;55;Tops;Knits;867;0;4;1;This is the perfect little shirt when you want more than an ordinary t-shirt. the pattern on the back panel adds a nice little extra touch. the blue tone is very rich looking, and could be dressed up or down.
14200;0,0469639947685514;50;Dresses;Dresses;1078;0;4;1;"Bought this for my 21 year old daughter, and she loves it. the blue color is very pretty and she says she gets lots of compliments and requests to ""touch it"" because the fabric is gorgeous. it's a bit boxy, and a little short to wear as a dress for her 5'9"" height - she says she risks showing her undies when she raises her arms. but she likes is so much she's just keeping her arms down. :-)"
23091;0,0469725205650108;46;Tops;Knits;860;0;5;1;"I love this top! the arms fit slender but the rest of the top is a nice loose fit. i love the navy blue one with the print, i normally don&#39;t like long tunics but it&#39;s so flattering even for my short frame! i&#39;m usually a medium on top and bought the medium which was perfect."
20057;0,0469745068665072;42;Tops;Knits;862;2;4;1;I was looking for a new spring/summer tee that still gave coverage for chillier mornings and nights and this is it. it has a nice swing to it that isn't too wide (think a flattering a-line cut that has some movement towards the bottom hem.) it is fitted and flattering where it needs to be (the shoulders and ribcage run fitted and tts which means you don't get lost in the top. it's not boxy or oversized, but if you want a fitted and more flattering look, you can definitely size down easily, parti
11514;0,0469787832853052;35;Dresses;Dresses;1110;1;4;1;I spend a lot of time on the retailer website. it never occurred to me to try this dress. a salesperson suggested it in the store and i tried it on. it is really cute on. i bought a thrift store denim jacket to throw over it. the only con is the sleeves. i am 5'3' and my arms are not very long. the bell sleeves are a little crazy on me, but they will be hidden under the jacket.
15377;0,0470144680141933;41;Dresses;Dresses;1099;5;2;0;"This is a pretty dress, but the cut is quite boxy. i had thought that the dress would cut in a bit along the body and then ""flare out"" more around the waist down to the hem; however, the dress is baggy from the sleeves all the way down, which lends to a rather unflattering look."
9301;0,0471880374574578;40;Jackets;Outerwear;1121;0;3;0;Wow, this runs small! i'm thinking the accidentally sent me an xxs?!?
14693;0,047267803034479;46;Bottoms;Pants;1048;0;5;1;"I tried these on in the store and instantly fell in love with them - they have an elastic waist which for my shape (pear) can sometimes be bad, but these pants don't cut me off or accentuate the ""fluffy"" parts, but lay nice over my belly and legs in a flattering way. they do have a slit that goes the whole way up the leg, that the picture doesn't show, but the underneath piece of fabric wraps around your legs, so i think it would be hard to show too much. i bought a medium and they hit lower on"
410;0,0473442977499843;57;Dresses;Dresses;1078;0;3;0;I ordered this and there is just so much fabric! in the pictures i think it is pinned in the back, in the main photo, to make it look more streamlined. definitely a miss!
18236;0,047356884537703;40;Bottoms;Skirts;1009;0;3;0;"Just didnt like the fit. it ""puffed out"" in front, so that wasnt very flattering. i have an hourglass shape, and this was not a good fit for me."
17559;0,0474247968617228;32;Jackets;Jackets;985;0;5;1;I love this jacket and can't get enough of it. it has side pockets as well as the buttoned-pockets. i love the cinched waist option for a more fitted look.
19511;0,0474447001464101;50;Jackets;Outerwear;1124;0;5;1;"I love this faux-fur coat. i wear it both dressed up & down. i usually wear xs but bought s so i could wear sweaters under it and the arms would still be long & i'm happy i did (5'4"" 103 for reference). the faux is soft & comfy. it's warm, but not blizzard warm. i get loads of compliments on it when i wear it & ""where did you get that?""
definitely worth the purchase on sale."
11305;0,0474663924436956;43;Tops;Blouses;823;8;5;1;"I own quite a few pieces from retailerplogie but this one is my favorite by far! the color is a crispy white. the length is just right and has a beautiful flow to it. it is more fitted on top but flares out for a feminine appeal. i am 5' 1"", 115 lbs. i bought the regular xs and it fit like a nice tunic top. perfect for a curvy figure- i wore it with my tight jeans and boots. got compliments from everyone!"
13925;0,0475056050647141;48;Dresses;Dresses;1086;35;5;1;I saw this dress and i thought it would be perfect for that night that you don't feel like wearing just jeans yet you don't want to be overdressed. the dress is 100% cotton and is extremely comfortable. i paired with an open toe wide heeled bootie and a long necklace. the dress has a slight a line bottom but fits close to the body in chest and arms. extremely flattering for all body types and the color is a pretty blue. a dress for all seasons!!!!
18517;0,0475197821561317;42;Tops;Fine gauge;920;3;2;0;"I purchased the blue s (140lbs, 5'8"", 34b) and this was very large and boxy on me. not altogether unflattering but not so flattering that it justifies the price. the blue color is very pretty in person--darker and slightly marled. however, although this sweater is certainly cashmere (and very soft because of it), it is very thin--to the point that i consider this a ""top"" rather than a ""sweater."" the silk panel in back is pretty but, again, thin and unlined. i think that, even on sale, this is ov"
17269;0,0475762833876536;66;Dresses;Dresses;1086;0;5;1;This dress looks simple, but man is it unexpectedly sexy. and oh so comfortable! the deep v neckline and side slits elevate this from a simple tshirt dress to something else. add just the right accessories and this dress transforms. i have the xs and its just roomy enough without being clingy. and did i say how comfortable it is? the fabric is perfectly lightweight without being flimsy and color is a cool, saturated denim color. i receive compliments every time i wear it. love love love.
22035;0,0476003968379124;42;Dresses;Dresses;1088;3;3;0;"Love the way this dress looks online. sadly, it doesn't look great on me. i'm 5'4"", athletic build. the small fit perfectly, but the extra fabric in the hip/pocket area just seemed to drag me down. i really wished this worked for me, but i think you've gotta be a little bit taller to pull this one off."
6668;0,047743438149664;39;Bottoms;Skirts;998;2;4;1;I decided to order this skirt to look at it and regret it now as i want to keep it. one bummer is the smallest size (xs) runs big, the skirt falls on my lower waist aka hips on me, not on my waist. bu i love the look, it has pockets where the pattern reverts the fabric is soft and thick, making the skirt structured. the length was nice on me, though ti is a mini and there is no petite size, the hem still was above my knee, and therefore was acceptably flattering. the colors are also nice for fal
19574;0,0478066233826596;56;Bottoms;Jeans;1033;3;4;1;I was so sad to have to return these pilcro jeans. my calves are just too athletic for these jeans. they weren't comfortable. they were a little loose in the waist. so, sizing up, would not have fit the tight in the calves problem. i have two pairs of stetson crop flares and they fit perfectly. in fact i love the pilcro stetson crop flare style. wish retailer would sell more of this style.
11053;0,0478357679899923;39;Dresses;Dresses;1081;2;5;1;"Call my corny but this dress inspires me to run barefoot through the lavender fields in provence.  the flowy layers and dreamy prints are mesmerizing.  fit is ideal for my body type as long as you size down.  i had no weird sagging, bagging or poofiness.  and i love the macrame belt!  i tied it offset to the side but the dress looks good unbelted too.  i purchased the small petite. 

my stats for fit reference:  5'3"" tall, 140#, 36dd, 28"" waist, 35"" hips, wide rib cage, size m/l tops, size s/m"
417;0,0478629762094462;22;Dresses;Dresses;1077;8;5;1;Beautiful in person! highly recommend: great quality, beautiful design, flattering!
1586;0,0479837920330261;28;Bottoms;Pants;1060;0;4;1;I love the look of this garment. from the color to the detailed design, it is just awesome looking. i tried this in 3 sizes: 2regular, 2petite, and 0 regular. i often order petite pants and they work, but for this item the crotch was too high for me to wear a petite size, and the legs were short enough to look awkward. i returned it for the 0 regular which fit me best - i'm 5'5, 110 lbs. i haven't worn it out yet, but am excited to wear it to a couple weddings this season. one fallback is that i
14732;0,0479857784632903;42;Bottoms;Pants;1056;0;5;1;"Best jumpsuit ever! so soft and always gets compliments! get one now before they're gone. also it is supposed to be tied in front! i'm 5'3"" and the small petite is just perfect!"
13502;0,048068530957614;30;Bottoms;Pants;1061;0;5;1;I love everything about this jumper - it's so comfortable without being too warm. it's easy to dress up with booties and a hat. i suppose the only possible downside is that it's slightly tight at the ankles, but honestly - this is like a dream.
21457;0,0481290364990809;28;Tops;Knits;875;0;5;1;Fit is oversized but intentional. flattering on. love the neckline. modesty might call for a tank top underneath if bending over. fabric is soft, stretchy and has a good quality heft to it.
16888;0,0481358503101843;32;Dresses;Dresses;1099;0;5;1;"Quality of this dress is excellent! i ordered it in blue and the color looks exactly as it does online and the fit is exactly as it looks on the model. i am 5'4"" , 120 lbs, with an athletic build and ordered a small."
13064;0,0481587960023075;43;Bottoms;Jeans;1033;1;4;1;"These are super comfortable and with heels can be very flattering. i like the fact that you can wear them with or without the belt. 
however i wish that the color was the same darkness as shown online. they are lighter and a bit duller. i look at a few pairs and they are all the same. still love them but i'm sure they would have been even more fantastic if they looked like the picture."
13379;0,0481681885347185;36;Tops;Fine gauge;905;1;4;1;I thought this sweater was pretty and soft and would be comfortable to wear. i really liked the high collar and the interesting poncho-like design. but the sleeves were a bit short on me. and i thought it was a little pricy. i decided against it for those reasons. but if you don't mind those things, then you might like it. it's definitely worth the try.
10887;0,0481839053764996;41;Intimate;Swim;389;0;3;0;"The suit is beautiful, however the white it is slightly see-through on the bottom front. even though it is slight, to me that is inappropriate...so i returned it. regarding sizing, i ordered a medium, i usually wear a size 6 (135lbs) and my body is evenly proportioned throughout. the medium was not tight at all but the back bottom region seemed cut just slightly less than ""full coverage"". i feel that i would be in-between sizes small and medium but did not try a small due to the slightly transpa"
17638;0,0482746469175566;49;Tops;Sweaters;942;0;3;0;I didn't really notice the collar when i ordered it on line and i'm not really liking it. it's the rough, unstitched thing they like to do sometimes and it just makes it look slightly more casual and well, rough around the edges. it's a nicely cut, great fitting sweater though so i'll be looking for some scarves!
23031;0,0483486053204023;66;Tops;Knits;859;0;4;1;The fabric of this top is a tee shirt, mid weight material. it has a nice drape and the color variations along the vee are true to the photo. i purchased size large and it's a bit wide and long for my frame. you could safely size down. the fabric drapes nicely but i didn't like the sleeves or length and it fits large so am returning.
18979;0,0483790606852814;62;Tops;Knits;862;0;5;1;Love this cardigan as a wardrobe staple to quickly throw on, especially over dresses (but also anything). it drapes beautifully, and i love the button closure detail. it is definitely a thin, soft, light-weight knit, but i think that makes it practical for year-round use, much like other items by bordeaux.
8343;0,0484447372451955;37;Tops;Sweaters;939;3;5;1;I was on a mission at retailer to find a versatile and comfortable jacket/cardigan. this is perfection. the detail and pattern in the wool make it unique and the zipper and snaps are great quality. i bought it in the green and is great for the office and out in jeans as well.
19275;0,0485925105264932;53;Bottoms;Skirts;1005;6;5;1;This skirt is stunning but i really wish it was cotton canvas - maybe by summer retailer could make one?
2032;0,0485977163497112;59;Bottoms;Jeans;1035;15;3;1;I ordered these in my usual size and could barely get them on. they fit ike tight leggings. they have spandex that is comfortable and they will probably stretch as you wear them,. i exchanged for the next size up, because the style is great for year -round and the quality excellent. i live 2 hours from a store, i would either order up at least one size or try them on in store.
9321;0,0486362176654475;31;Intimate;Legwear;155;0;5;1;Ordered these to wear around the house more as leggings and they did the trick. love the color and the fact that they are warm without being too thick.
784;0,0488191508617315;66;Trend;Trend;1145;3;5;1;So different than anything in my closet. it's wide with a beautiful drape. fabric is soft but substantial. it has the cutest coral color lining the placket and inside of the lower sleeves. i sized down to a medium and could have gone to a small but i love the length and drape which might not translate in fit in the smaller size. so cute on.
8503;0,0489476875285726;29;Dresses;Dresses;1095;0;5;1;Great little dress for a picnic. i am a 34dd and didn't have a problem buttoning the dress unlike another previous reviewer. i had purchased a size 8. my only reason for return was the price and my wallet! otherwise this well-made dress would still be in my closet! love the buttons.
7378;0,0489535676442995;30;Dresses;Dresses;1096;1;3;0;I thought it was the perfect dress by the picture but it ended up looking like a grandma muumuu. the color is nice, the neck is cute, but the form unflattering. i'm trying to decide if i want to taylor it or take it back.
3254;0,0489798829939894;38;Dresses;Dresses;1081;4;5;1;"Admittedly, i ignored this dress on a few trips to my local retailer and then it went on sale, practically begging me to give it attention. i tried it on and fell in love! so feminine, light, and comfortable. 
it has a sort of roman/boho goddess vibe due to the billowy top, especially in the lighter greige with some sea-hued accessories added but not so much it feels like cosplay or something. i have a full bust (dd) and didn't find this dress to be unflattering. after wearing it to a party, i ac"
1522;0,0489841221776138;50;Tops;Knits;862;18;4;1;I like the pattern on this shirt and the fit over all is pretty good. i wasn't sure if i liked the sleeves as they are very angled, much more so than i expected. still, the shirt is nice enough that i'm keeping it.
243;0,0490547360578596;34;Bottoms;Skirts;992;0;4;1;Beautiful patterns and colors, but it sits very high and runs small. i'm normally a size 4 and got the small. zipped all the way, but on the snug side. the skirt sits so high that the fabric coming down was a bit awkward. such a shame because it really is beautiful and looks great on the model probably because she's wearing a belt to hide how high it rides and flares out.
13067;0,0490566259905857;51;Tops;Knits;862;1;5;1;Very comfortable great quality with beautiful crocheted front top and lovely blend of colors
1003;0,0491803834022389;45;Tops;Knits;886;43;5;1;"This is absolutely adorable and so flattering! i have the patterned shirt, and i just purchased the white one and the orange one because i like it so much. i am 5 ft. 9"" and 155 lbs. and the medium fits nicely. hope this helps!"
16294;0,0492470651776695;42;Bottoms;Shorts;749;0;3;0;"I know rompers typically aren&amp;#39;t the easiest and while i loved this fabric this was a pain to put on no zipper, etc. and the buttons are tiny and since the fabric doesnt stretch it is difficult to even try on. the length of the shorts was great and the fit was just ok all in all i don&amp;#39;t think it is worth the price."
5483;0,04925832691161;52;Dresses;Dresses;1078;1;5;1;"I saw this on a model in the house and home catalog. it looked very comfy but with an edge of elegance. i saw it in store in the navy and loved it. the other color is very washed out, not good for me being a blonde. i didn't try it on, and got a small as it looked as it ran a little large. i'm 5'4"", 130 lbs. and it fit perfectly. it hits above knee, a little longer than on model. it hangs beautifully and the blue color is stunning, looks expensive. i received a few complements the first time i w"
268;0,0493969026853923;25;Tops;Fine gauge;902;3;4;1;This top is really cute - a light sweater with a feminine lace detail. i would recommend it if you're looking for a flowy, feminine top to wear before it gets really cold out. the only reason i didn't give it 5 stars is because the material is a little prone to pulls and snags. i wore it once and got a pull from my cross body bag. thankfully, i was able to manipulate the threading and the pull is almost unnoticeable. but just know that it's a pretty delicate sweater and you'll have to be careful
9711;0,0494052987274495;29;Tops;Blouses;835;0;4;1;I tried this on in the store to see if it would be my go to party top and splurge this season. i love the colors, textures, and embellishments. so lovely! ultimately the price and the very flowy fit (particularly in the back) made me put it back. another great item from moulinette soeurs, though!
18281;0,049412635001697;34;Jackets;Outerwear;1122;1;4;1;"Im normally a medium across the board for outerwear. (5'8"" and 135 lbs) this jacket looked giant from the photos so i bought a small. when i first tried it on i thought no way, it's gotta go back. it was enormous and the fit was rather awkward. i looked like the size of a house from all angles. ha! i was still in love with the color and print. as i wore it around the house it began to loose it's rigidity and form against my body in places. it is definitely a jacket you got to play around with. d"
1384;0,0494712823027621;24;Dresses;Dresses;1081;0;5;1;I love this dress, it is so comfortable and elegant at the same time. i try to not buy dry clean only pieces, but i had to make an exception here!! perfect for early spring days.
390;0,0494845668520303;46;Tops;Knits;860;1;3;0;While these seem like interesting designs which i applaud!  the execution in the design of the fabric is not appealing.
16998;0,049490666891911;30;Bottoms;Jeans;1022;2;5;1;I love ag jeans to begin with but even still sometimes certain styles miss the mark (at least on my body type). i was pleasantly surprised with this pair and even though they are pricey, i couldn't pass them up. they miraculously stay on my hips and i don't find myself pulling them up every few minutes. hallelujah! other than that they are  stretchy and soft with out losing their shape. they hit right at the ankle for me (5'2). the hem is frayed which i'm hoping doesn't unravel too much with was
1209;0,0495484374481368;41;Dresses;Dresses;1094;0;4;1;I got this dress in the holly green and it's a lovely shade - perfect for fall and winter. this is why i gave it the high rating. however, be warned that the lining is very form fitting. i thought the dress had more of a fit and flare design to mask flaws like a belly and larger backside, but that's not the case. i had to return it, but for more slender-shaped ladies, the dress is likely a winner.
17652;0,0496135104467978;44;Tops;Sweaters;936;7;3;0;Picked this up in the store today, but didn't try it on first. it is even more gorgeous in person than the photo, but sadly this did not work for me when i got it home to try on. there is wonderful detailing, but somehow the bulky knit fit was just not flattering on. i think it is the thick knit and slightly shorter length. the knit was bulking up in all the wrong places and visually added about 10l bs to my frame. such a shame---really wanted to keep this beautiful sweater but it just did not l
6625;0,0496533142068912;43;Tops;Blouses;820;3;3;0;"I love the way this top looks in the picture and the embroidery is as lovely as it appears--very detailed. it is both subtle (not cheap looking) and special.

as an earlier reviewer noted, the top is not see-through, a plus.

the drawbacks, though, mean that i will be returning this top. 

1. the fabric is very heavy and does not drape well. i am a small woman with a large chest and ordered a size 0. the top is still loose, even in that size, and the relative stiffness of the fabric gives"
10706;0,0496691994897811;25;Bottoms;Skirts;988;2;4;0;The print of this skirt is so fun. i love how it's styled on the model, and i could see it being very versatile. i decided not to keep it because, mainly, it is pricey and i'm afraid it'll get easily damaged. if i would wear it, i think i'd be worried about sitting on a dirty chair or spilling something on my lap and it being really visible-- and then having to upkeep it through dry cleaning. the fabric's nice and good quality. but honestly, if the skirt were cheaper and the fabric were cotton a
22934;0,0497084495322936;59;Dresses;Dresses;1072;0;5;1;Love trying things outside my usual style, thought this might look like a sack but fell in love! looks effortless, easy to accessorize, dress up or down & comfortable. keeper! want to try it with platform sneaks for casual look.
17871;0,0497282671254656;61;Dresses;Dresses;1094;0;4;1;This dress is beautiful. it has lovely colors that should compliment many skin types. i bought the dress for my daughter as a graduation gift. i have not given it to her yet so i don't know if it fits or how it fits.
18136;0,0497651567869533;28;Tops;Blouses;829;0;5;1;This top is soft feeling and i appreciate that it's lined. it's light weight and feminine, but no camisole is needed. when you take it off the shoulder area feels tight, so you need to be a little gentle but it's gorgeous and you should get it. i'm a 32c and i got a 2.
21820;0,0497802646320017;40;Intimate;Swim;236;0;2;0;This suit is absolutely gorgeous but it really will only fit a very short waisted gal. it fit perfectly in the body and in the bust but just was not long enough for me to lift my arms up and my size c cup boobs to not pop out. i was very sad to return it :( i am a size 8 with c cup boobs and ordered it in a medium
9398;0,0498027048366742;39;Dresses;Dresses;1077;2;5;1;"I originally ordered the regular xxs (loose fit = xxs nowadays) and the length was right above the knee... it looked great and classy/classic but i felt like perhaps the chest height would be better in petite. so i ordered the xxs p as well... decision time:

i decided on petite because the overall dress fit my body better, though it is now shorter (a couple inches above the knee0. still looks classy with a boot, but flirtier. embroidery is beautiful, as others mentioned, fabric is comfortable"
7235;0,0498104510038084;54;Tops;Knits;868;2;5;1;"This tee shirt is just adorable. i found it at a local retailer and decided to try it on - and just loved it! i happened to walk out of my dressing room while wearing it, to talk to my daughter who was shopping with me and three customers in the hall said"" that is so cute!"" and went to find their own. i bought the ivory color, but the other colors are really nice as well.

the fabric is substantial, soft and thick. the little ruffle at the shoulder makes a cute statement, but is just fun and not"
14414;0,0498265752181304;26;Bottoms;Jeans;1022;4;5;1;"Let it be known that i hate shopping for jeans. i recently had my go-to skinny jeans rip by my back pocket and new i needed to get something new & better stat. i have a pair of black ag sateens that i got a few years ago, and i decided to try out this pair. i got them in the mail yesterday, and i never want to part with them! they are perfection. they hit perfectly on my waist; they're incredibly comfortable and basically make you feel like you're wearing the jean equivalent to yoga pants. they"
8957;0,0498872559449822;37;Tops;Knits;862;4;4;1;I love the fit of this tee for everyday wear. it's forgiving on my late 30s mom body and looks much more stylish than the average tee. my only complaint is that the fabric started pilling on the second wear. otherwise the fit, style, and fabric weight are great. it fits tts. i'm usually a size 4 and the small fits perfectly.
16602;0,050003619039759;66;Tops;Knits;872;5;5;1;True to size so great fit from top to bottom. i am 5'5'' and it hits my hips at just the right spot - not too high or too low. it also does not flare out too much so it will not give off the impression that you have something to hide in the tummy area. it is very soft and comfortable. the material is not fragile so it should be easy to maintain its shape after washing.
8692;0,0500057414202939;24;Jackets;Jackets;964;0;3;0;The blazer is boxy and less dressy that it seemed online. i could only really wear this in casual situations, and i was hoping to be able to wear it to work as well. it does have an interesting hemline. the shoulders are a bit too narrow for me (but i do have shoulders on the broader side). i don't hate it, but i don't love it either, but it is interesting enough that i'm going to keep it. i ordered a small.
13973;0,0501028381785103;32;Tops;Sweaters;936;0;4;1;"I really like this sweater. it is surprisingly warm. it is not very form fitting (which can slenderize), but i enjoy layering with a lacy tank and don't have to worry about sucking in the guy either ;). i'm 5' 8"" and typically wear between a 6-8, the medium was definitely baggy, i ended up with a small in 2 colors.!

oh, and the bow detail really does add a fanciness to an otherwise comfy/snuggle sweater."
14511;0,0501537015732507;45;Intimate;Lounge;283;6;5;1;I love this top--the fabric, the color, they way it hangs. i'm glad i tried it on in the store though because the v on the small went waaay too low, so i sized down to an xs and it was perfect. it basically fit the same as the small but with a higher v so my bra wouldn't show.
2938;0,0502332315968769;39;Dresses;Dresses;1078;0;5;1;Love this dress! i bought the blue motif. which barely has any blue at all. it is the softest cotton dress i own. i wore it with my red hunter boots today and it made for the best rainy day ensemble. love, love! and i got it on sale which just sweetens the deal :)
21313;0,0502385621001507;44;Tops;Knits;876;1;4;1;This is a cute top but a little pricey for cotton t shirt material. the arms and shoulders/armpit feel a little tight but is loose and flowy below the bust. it is not as dressy in person as it appears in the photos. a cute top for jeans or leggings as the length falls below the hip.
17137;0,05025938815376;40;Dresses;Dresses;1085;3;5;1;This dress is perfect! i just bought it yesterday in store for a wedding i'm going to next spring. i got it in red, which is normally not a great color for me, but it's a darker red so it works. i love anything with cutouts so i was drawn to it immediately. i normally wear a 10 in a dress to accommodate my (rather wide) shoulders, and the 10 fit well. i can see it working for a variety of occasions. one big plus is the quality--this isn't even remotely flimsy.
2782;0,050299510397897;53;Dresses;Dresses;1110;1;4;1;"Such an adorable and comfortable dress! just love the fit, the design and the comfort of the denim fabric. it's quite flattering, fit's true to size and i can't wait to wear it to casual parties all summer long! highly recommend! lots of
options too with dressing it up a bit more with fun high healed sandals or a pretty shrug and just as nice to wear with flip flops or keds! i 5'5"" and usually a size 4 and it fit true to size....grab it while you still can!"
1009;0,0503770742185563;56;Tops;Fine gauge;902;0;4;0;This is a beautiful sweater, but if came up weirdly high on me in back, higher than it looks on the model. she must have on high waisted pants.
4290;0,0504385426409953;39;Tops;Fine gauge;892;0;5;1;"I ordered the black 2 months ago, it was on back order, and i jsut received it finally. the fabric is super soft, itried on both xxs and xs and could keeo either one. the ""v"" in front where it crosses is low, so most people do need a cami underneath, but you could probably do without for ultra sexy look (not my style, but could be done). i plan on wearing this with skirts, deresses and slacks... i saw a commet on the lighter color, not sure, but love this one in black for sure@"
12580;0,0504420949384123;60;Tops;Knits;862;0;5;1;"I love this top! the unique neck detail is awesome! i dress it up; i dress it casual. works for every adventure. more!!!"
23301;0,0504570998076531;35;Dresses;Dresses;1077;0;5;1;I was pleasantly surprised with this one. fits a bit large. i'm 8-10, the 8 fits just right. the moss is a great staple color.
21641;0,0504871115494588;64;Tops;Sweaters;936;1;4;1;"Let me start off by saying that i really do like this sweater. the texture is very nice and, if it does start to pill, the material is one where i don't think it'll show up much (the fabric is a little ""bumpy"", but still soft).

i'm only giving it 4 stars because the sleeves could be 2 to 3 inches longer. i bought this sweater in both the red and tan colors (medium) i liked it so much. i've also never had a problem with long sleeve shirts/sweaters from retailer having overly short sleeves. however"
18138;0,0504976434633844;60;Bottoms;Skirts;1009;3;5;1;"Love this skirt! the material is so soft and flowy, but holds a nice a-line shape. i do agree with the other reviewers that this does run a bit small. i am a 26"" waist and purchased a 4... and i could probably have considered sizing up to the 6 easily as well."
7340;0,0505283733101839;24;Tops;Blouses;850;1;4;1;I'm always on the hunt for good white blouses to pair with business casual attire or everyday wear. this was a great tank. i love the fabric. it's nice and sturdy and you don't have to worry about wearing a cami beneath it. this fabric does wrinkle some so bear that in mind. i really like the shape of the top near the shoulders. it's a great conservative cut. the little criss cross detail on the back adds a bit of charm to the top. i would definitely recommend this to others.
22183;0,0505688813209318;58;Tops;Knits;864;0;5;1;I love this top! super soft fabric and beautiful with jeans. getting ready to retire and will make this a regular in my new wardrobe! thanks retailer for putting it on sale!
3926;0,0506105584925037;41;Tops;Knits;860;0;5;1;I love the details of this top: the pleats and ruffles are so pretty and the fit is flattering, especially if you have a tummy. the arm holes aren't gaping like so many tops, so you don't even need a cami underneath to hide your bra. it is a bit on the larger side. i often wear a large, but i got a medium and i may have even been able to get away with a small.
3090;0,0506432382064366;30;Tops;Sweaters;929;2;2;0;I'm 5'5 and 130lbs and i was swimming in the small. the arms are very boxy, the sleeves too long, and and it just wasn't a flattering fit at all. the color and design on the front are both nice. the sweater is made in china and very, very itchy. i own wool sweaters and wear them with layers, but there was no way this was going to be comfortable. very disappointed, especially given the price, but perhaps that's why there are so many left at the end of the season and on sale. this one is going bac
9508;0,0506495272981002;24;Intimate;Lounge;774;0;3;1;Cute, but didnt realize it was sweatshirt material. due to that, returning.
7776;0,0507749588604486;37;Tops;Knits;886;0;4;1;Love this shirt with leggings. if you are in between sizes- size down
7782;0,0507850077367525;41;Bottoms;Shorts;55;0;5;1;I have been looking for lace shorts for years. yes, years! finally found these shorts that are perfect. the lace is sturdy, not flimsy, so they are not see-through. i purchased both the cream and the blue when they went on sale. my skin is a bit tan, so lighter-colored clothing can be see-through for me. both colors are fantastic and i get compliments on them all the time, especially the blue shorts. plus, they complement either a t-shirt or a blouse. i love the eyelash fringe at the hem - such
4572;0,0507928735291236;47;Bottoms;Jeans;1035;0;3;0;Although i bought 2 sizes down from my regular size, they were still big and, made my derriere look flat. i would have kept them as weekend kick-around jeans, but the flat behind just made them a must return.
9032;0,0508421826788049;43;Dresses;Dresses;1085;2;4;1;It was a little shorter than i expected i am 5'8 and 125 pounds. i ordered the extra small and it was a perfect fit aside from length. at 42 yrs old, i can't wear mid thigh dresses to work. hit hit me at the same length it hit the model in the picture.... even though she is 5'10. if you are 5'6 and below this is a beautiful dress
3998;0,0508881047693416;67;Tops;Sweaters;936;3;5;1;Loved this sweater coat the first time i saw it online......then the price....yikes! the style, color and fabric design is beautiful. waited for it to sale and then hurray an extra 30%. off to my local store for a try on as i would not have wanted to even try it at the regular price. it is wonderful! it runs very large. i went down two sizes to achieve the fit i was looking for from a large to a small. in my opinion the product shot model is wearing a size too large. even sizing down it is not t
9118;0,0510031850007112;42;Tops;Knits;863;0;5;1;Love these basic t's because there is always a unique cut out which makes them more interesting. fit and wash well.
22950;0,0510513111040817;24;Tops;Knits;865;1;5;1;"This top is everything it promises to be. i read other reviews and purchased a small (i'm typically between an x-small/small depending on the day of the week) and was glad i did. a medium would definitely have been too big but the small fit perfectly. i have a shorter torso (5'3""/117 pounds) so i didn't experience any apprehension about my stomach showing. i paired it with a pair of skinny black ankle pants and a pair of navy and grey d'orsay heels. it worked wonderful and i can't wait to pair i"
17177;0,0511298163011712;20;Dresses;Dresses;1078;2;3;0;I ordered the blue dress because i loved the color and unique design. the blue was much more of a dark navy, not a sapphire blue as it looks in the picture. the picture also shows it tying on the side. it did not tie on the side when i tried it on but in the front as pictured in the red version of the dress. it was not at all flattering on me. one of the few disappointing things i have ordered from retailer.
283;0,0511421957704556;39;Tops;Sweaters;933;0;5;1;"Great sweater. long and warm, but not too thick. i am 5'4"" and ordered a medium. fits and hangs nicely."
17928;0,0511903279985317;53;Tops;Knits;862;2;5;1;I love this top. it is perfect fit. i am 5'3 102lbs, 32 dd. it conforms to your figure.
11683;0,0512507298592731;30;Bottoms;Skirts;1008;1;5;1;"I recently ordered this and am so glad i did. i absolutely love it! my hips and butt are not tiny, so i was very nervous that this would be a giant pouf on my lower half, but it lays perfectly flat and has a very gentle a-line, contrary to other comments. i am 5'4"" and 130' but the xs fits perfectly and keeps me looking trim. the waist sits just barely below my natural waist. very happy with this purchase; would buy more if there were additional colors - who doesn't love an elastic-waisted skirt"
19991;0,0512992320934823;27;Tops;Knits;875;1;5;1;This is a great piece, it fits really well and the fabric is nice and soft. it is a good thickness so you don't have to wear a shirt underneath.
21374;0,0513642322223327;29;Tops;Knits;867;0;3;1;I had to call so many stores to track this shirt down and in the end it wasn't worth it. i got an xs and it was quite baggy. i never buy petite shirts because i feel like they are too short but in this case i think the shirt would have been perfect in whatever the smallest petite size is. for someone who's bigger i'd definitely check this shirt out.
19533;0,0515348037800491;43;Dresses;Dresses;1083;0;5;1;The picture online doesn't do this pretty dress justice. i'm curvy, and always searching for dresses that don't make me look like a sack of potatoes. its pin tucks at the bust give it a little shape, and the print is much more vibrant in person. will look great with tights and a black blazer for dinners out.
16611;0,0516609854494413;35;Intimate;Swim;240;10;5;1;I had the seafolly garden suit last year (same cut) and loved it. i decided the light blue color didn't look great on me so i decided to get this one. i found that the garden suit was cut smaller than this umbrella print one. right now i'm a 10 m and got the 12 in this, just like last time. i probably could've gotten the 10 but i'll keep the 12 for comfort. note: the leg holes are not tight and do not make upper thighs/butt squish out like you might imagine. try this suit!
5126;0,0516625015285415;54;Tops;Blouses;850;0;1;1;Love this top! but unfortunately i returned it for exchange coz it was too small for me. hoping there's a sz sm in stock.
16297;0,0516743917093978;38;Dresses;Dresses;1110;3;3;0;"I wanted to love this dress but the sizing was too large for me, overwhelming my frame. i am very petite; for reference, 5'2, 24 waist, 30, and usually get an xxsp or 00p but even the 00p was too large in both the waist and especially in the shoulder area. at minimum for fit, i would have had to have the dress taken up but required too much alteration. the skirt is not lined which i found disappointing, given the price. the colors and handkerchief like hem is really cute though but i returned."
14451;0,0516883796960361;38;Tops;Knits;862;0;5;1;This top is amazing! i originally ordered it in small, which fit, but opted for a large for the option of wearing it more off or the shoulder. the large fit perfect! great length for leggings and can wear both off the shoulder or just one... can't wait for fall! for reference, i'm 135 lbs, 34b.
13906;0,0517576230152901;35;Tops;Knits;861;1;5;1;"I love the cut and ""swing"" of this tee. the royal blue is very saturated and pretty."
248;0,0517738230664212;40;Tops;Knits;862;0;5;1;This is the best! i have the black and striped version and wear them weekly. great layering piece and also for fitting so they look great with skinny jeans. i love the snaps. i saw this at full price but waited for the sale so that i could get more than one!!! now i just need the gray one...
22381;0,0517882559938564;37;Bottoms;Pants;1056;1;5;1;"I've been looking for colored pants and these are the best!

i am typically a 10 or 12 in pants and the 30 fit well. i tried on the rose color and loved those. the fit was great, though they wouldn't be long enough on me if i tried to unroll them (though you can). i liked how they fit my butt, hips and thighs, which is usually the most important part. i find that lots of colored pants accentuate the cellulite on my thighs too much, but that was not at all the case with these.

the fabric is"
13865;0,0518368053266537;41;Bottoms;Skirts;1008;0;5;1;I wore this skirt immediately when my delivery arrived. nothing but compliments. i went right back to order the green and it has sold out. bummer - i would buy every. single. color. this skirt is that great!
20056;0,0519042360661605;37;Tops;Knits;868;0;2;0;This one will be going back. the color is really blah and the fabric wasn't a texture i was expecting--it is kind of thick and ribbed and i suspect it would stretch out over the course of the day. overall, the cut and style is cute, but i just felt like i was wearing a hospital gown with the combination of the fabric and the style. this may have been cute in a more vibrant color and lighter weight fabric.
10927;0,0519233540383044;61;Tops;Knits;867;0;5;1;I bought this originally for my daughter but fell in love with it when i tried it on and kept it for myself! it is a cotton/polyester blend so it is very comfortable to wear. the length fits nice as well. i have received so many compliments wearing it with dress pants and also with jeans! thank you for making an item that is both pretty, flexible, and meets the needs of young women (and their moms!)
20930;0,0519432225234982;50;Tops;Knits;872;1;3;1;The lining is shorter than the top, so i keep pulling it down. also the finishing of the edges looks like a child cut it with some scissors. it is not evenly cut. i do like the color and style of the shirt, just not the quality.
21671;0,0519540903916225;48;Tops;Blouses;825;0;3;1;I love this top because it can be worn on or off the shoulders and looks equally as cute either way, i bought the red color and it is super cheerful and perfect for summer. looks great with faded jeans. i love the poplin fabric, although the stitching quality is shabby and i expect this won't hold up long enough to wear again next summer. for the price i feel like it should be crafted a little bit better. i am narrow shoulder'd and bra size 36 b or c and while a medium might have fit me better o
15090;0,0521002033239265;35;Dresses;Dresses;1078;0;4;1;"This dress is great but extremely short. i'm 5'6"" wear a size 4/6. the 6 looked like a tunic on me it was so short."
92;0,0521718300790268;65;Tops;Knits;877;0;2;1;This shirt runs very large. i will be returning for a smaller size.
779;0,0521907370155244;34;Dresses;Dresses;1100;3;4;1;This dress is navy and neutral stripes. not black and white. it fits true to the size width wise but is 2-3 inches shorter than the picture. to gain the length you might want to size up but it will be wider. the knot at the hip is beautiful and very flattering.
14018;0,0521986067085439;46;Tops;Knits;862;0;2;0;I was so excited when i purchased this top! it was going to be my go to for running around, as it looked super cute with leggings and boots! the softness alone made me feel like i was wearing my pajamas.....so comfy! that all changed after one washing......it is now pilling and not nearly as soft as before! makes me sad, but it is going back!
16392;0,0522189319191987;38;Bottoms;Shorts;630;1;5;1;"This is the best little romper i have ever tried on. i don't typically love myself in shorts but these are so flowing and the pattern is so pretty i couldn't resist. the material is nice and the length is great. i'm 5'6"" and 135lbs and the small fit great."
2722;0,0522497374114576;34;Tops;Knits;864;0;5;1;Love everything about this top.  the ruffles give the top a great edgy style.  will look great with some skinny jeans and boots.
11112;0,0524932712731712;45;Dresses;Dresses;1083;0;3;0;I was disappointed by this dress. i listened to the reviews and ordered one size up, a size 6 instead of my usual 4, and that was the correct size. fit like a glove. unfortunately, the style left much to be desired. this dress is very costume-y. i felt like a wench from the renaissance fair. not a good vibe. it is a beautiful dress, i'm not denying that, but not as a dress you would actually wear to an event. there's just too much going on with the tapestry look and the many types of fabric. i a
18344;0,0524975805630679;65;Intimate;Lounge;190;2;5;1;"Quality assembled;comfortable and stylish with 2-tone fabric; wash w/o shrinkage;pair with every rainbow color. nice alternative to jean days."
11088;0,0525205664636992;53;Tops;Knits;875;0;5;1;I really love this top! fits true to size, romantic lace detail. also love the white underlay panel for contrast. extremely comfortable soft fabric. so many ways to dress this top up or down.
13133;0,0526960886456727;60;Tops;Knits;868;2;4;1;"This is a cute waffle t-shirt material is very thin and see-through it's a cute shape and style but it runs absolutely huge 
 is not a shirt for petite people
 the extra extra small was huge"
1796;0,0527557365063953;34;Dresses;Dresses;1077;1;5;1;I loved the style when i saw it online and even more in person. the fabric is light but not too light. it has a nice drape i didn't expect. easy to wear and style. the draw string gives it a great shape but a belt is a great addition for more interest. the length is fantastic as well. wonderful midi length but with the side slits.
22765;0,0528109335665515;47;Dresses;Dresses;1079;3;4;1;This is a lovely dress. it is on the heavy side and lined, so i would not recommend for hot summer wear. but the material and style are adorable. the skirt is definitely a-line, not sheath, but i prefer that. it runs a tad too tight in the chest, so if you're between sizes in the bust, i'd order up. that said, a 6 would be too big for me. i'm 5'4, 120 lbs and 34c and usually wear a 4.
416;0,0528661047669073;43;Dresses;Dresses;1078;0;5;1;If you want it, buy it now. this dress is everything and then some. love it. i bought two, the neutral (black) and the turquoise. the turquoise one is a very retro print, i am getting many compliments. they are so comfortable and flattering. i'm all about this price point retailer. more please!
22860;0,0528799164826034;46;Tops;Blouses;830;12;5;1;At first, i thought this top was going to be stiff. i am pleasantly surprised by how soft and flowy this blouse is. it's lovely cream color with beautiful lace details. i appreciate the lining inside the bodice which means i can potentially go bra-less when it's hot! i'm 5'2'', 135lb and retailer size s usually gives me plenty of room because i have a small upper body. but i feel this top is slight short on me. that might be because i didn't wear it off-the-shoulder but had it hang from the top of
7007;0,0529095465320889;39;Bottoms;Shorts;357;2;5;1;I love this piece and have bought it for three different clients as well as myself... it runs a size larger - i am usually a 4 and the 2 fits perfectly. the skort was one size off for my clients too. definitely a great choice for spring/summer, especially if you love to dress up but lead an active lifestyle!
12765;0,0529101649606645;52;Tops;Blouses;829;3;3;1;I like the tunic but there are no care instructions in the garment. if i wash it once and it shrinks or the dye runs it will be going back. please send care instructions.
8169;0,0529662829393409;39;Tops;Blouses;850;0;5;1;Super cute with skinny jeans. true to size. i'm size 4, 138 pounds and 34c got a small
4141;0,0529701011352545;32;Tops;Knits;877;5;4;1;I love this tshirt, but the speckled grey looks more like roof shingles in person. i'm going to try to exchange it for a different color.
7893;0,0530576820230141;34;Dresses;Dresses;1095;0;5;1;"So i tried this on in the store and ended up with the size 8 (almost could have gone with a size 6) even though i'm 135lbs 5'6"" and 34 c. the dress is beautiful! the color is exactly as pictured - brilliant red. the linen is nice and summery. it does make it billow just a tad in the back because of the fabric but not anything to complain about. if i could change just one thing on this dress it would be the length. it just feels a little short for being such a classic and classy dress; just needs"
15338;0,0530707492248386;54;Bottoms;Pants;1056;0;5;1;This is my second pair of pilcro chinos. their pants and shorts are so soft--even those who love to run around pantless might relent. this brand tends to run a bit large so if you like your pants form fitting you may want to size down.
7092;0,053228339211608;49;Tops;Blouses;829;1;3;0;...the print is so sharking, and i love the way it looks on the model -- but i'm a more curvy figure, and the boxy-ish cut plus rather stuff fabric in front is incredibly unflattering. ordinarily i love everything made by maeve, but this one sadly must be returned... on a thinner/straighter-shaped person i expect it would be great.
11706;0,0532588811882177;56;Tops;Sweaters;940;6;5;1;I bought this when it first came back a number of years ago and loved it because it is great for travel! it actually can be kind of a blanket when you are on airplanes that tend to be cold and it is so hard now to get a blanket. it is also great coat for me as i live in southern california and it is not too heavy but does help the evening chill. i went on a trip with this a few months after i originally bought it and i accidentally lef at the hotel i was staying at. i am so glad it is back so th
4507;0,0532794907237569;29;Dresses;Dresses;1078;1;3;0;"I ordered this dress online in order to get a petite size and am very disappointed. as other reviewers have mentioned, the fabric overlay is very different in person than it appears in the online pictures. the dress is much more casual and looks cheaply made in person. 
as for sizing, i ordered the 2p based on other reviewers' comments about it running small. the 2p fit me fine, although it was very fitted in the chest and i am very small chested #32b#. i can definitely see that being an issue"
1714;0,0532828998932952;42;Dresses;Dresses;1081;1;4;1;"Just a heads up because i didn't notice the pink in the blue motif print until it had arrived. almost sent it back - changes the overall aesthetic, makes it harder to layer in winter, black shoes stand out more etc... but i don't really like the orange print and i'm a red head... so i'm keeping it but it would have been amazing if it were cream and blue. i also bought the emerson swing dress. this dress runs tts (emerson runs a touch larger). i'm 5'5"" and the dress came to just barely above my k"
19190;0,0534318650539507;31;Intimate;Layering;208;6;5;1;"A whim of a purchase on a tops sale. i spotted the black, but went for the mauve. it's great in person, fits loosely and hangs nicely for layering. i will buy the black too when in goes on sale. 5'5"", 135lbs, 34c, curvy/muscular frame, and the small was perfect (and every a little roomy) on me."
8854;0,0534601957251724;44;Intimate;Sleep;170;0;4;1;This chemise is so comfortable and beautiful. can be dressed up or down and is a staple of a bohemian wardrobe. gave 4 stars for the fact that it is completely see through and requires a (not included) slip underneath. also because the super thin cotton will wear easily.
9320;0,0534746984165398;35;Intimate;Legwear;183;15;3;0;"I really like the look of these socks, and have become obsessed we over-the-knee socks for winter this year. they are very tick which is nice for keeping warm and for durability for a long lasting product. my only complaint is that they are very difficult to get over the knee. this can be a great thing, because they certainly do stay put-which is a huge problem with over-the-knee socks. however, by the end of the day i was pretty sure i was going to lose a leg from poor circulation.

i am still"
3397;0,0535251421189394;40;Tops;Knits;862;6;5;1;So easy to put on for a casual day!  washes great!
21045;0,0535289859460304;38;Intimate;Lounge;374;2;5;1;This is the softest jacket! i could sleep in this fabric. the ruched details and fun collar make it unique. plus it has inside pockets! one of the best finds in a while.
2189;0,0535567293951962;38;Dresses;Dresses;1083;9;4;1;"I love the concept of this dress. i love the stripes, ruffle hem and little cut up detail. but it runs huge. i'm 5'3"", 148 lbs, and typically wear a 6-8. i went with the xs in this dress. it flairs out significantly near the waist and hips which makes it super comfortable, but not the most flattering. i wish they had tapered it in slightly to give it a slightly more fitted look. i'm keeping it and think it will be cute with booties in the fall. but i'm not 100% on it"
21874;0,053606956162948;38;Tops;Blouses;825;10;3;0;This shirt has a vibrant color and beautiful neck line, but unfortunately i had to send it back. it is short waisted with a lot of material in the back. had it been 1-2 inches longer it may flare out, but based on the length on me, it ended up looking like a shrunken tent. for reference, i am 5'8 with a long torso.
4040;0,0536243429339035;49;Intimate;Layering;68;0;5;1;I ordered this in gray and in white. these are not your mothers' slips. they are comfy and soft. i have worn the white under a shorter dress on a day when i wanted more coverage but didn't want to go for full on tights or leggings. i liked the effect of the slip being longer than the dress. the gray may even be opaque enough to stand (almost) on it's own. very happy with these.
20219;0,0536648616338647;32;Tops;Sweaters;945;1;5;1;"This is such a cute top! i've learned to size down in swing tops or else they look way too big - in a sloppy way. i ordered the xxs (5'3"" and 110lbs) and it fits well. it'll look cute with my black skinny dress pants or jeans. i definitely recommend!!"
1075;0,0536830721787322;35;Dresses;Dresses;1095;0;5;1;Just too much cuteness! the print is amazing, the bow is darling, and the crisp structure keeps it from being too precious. looks amazing on my hourglass shape! runs a bit small--had to size up a bit and felt more comfortable once i put a piece of fashion tape in a spot that gapped a little. definitely worth the splurge!
15550;0,0537159823834076;53;Tops;Fine gauge;907;2;5;1;"I am so happy with this! i was pleasantly surprised upon receiving it as i expected it to be of lesser quality than what i found it to be. it is a medium weight weave, grey sweater with a beautiful design and texture; one of those pieces that you will tire of long before it wears out! it is a great layering piece but not over bulky or structured tops as it is very smooth fitting without a whole lot of give. that is to say it is not loosely woven so it is better over a snug fitting item. the colo"
15497;0,0537204437584658;31;Tops;Blouses;820;0;4;1;I wasn't sure i'd like the sleeves but they are very cute and just the right length. i really like how the top fits and is very flattering
11579;0,0537538542386337;52;Tops;Knits;862;0;5;1;I work with children and have a casual dress environment, this top gives me much needed style to my work wardrobe.
10321;0,053766138045095;39;Bottoms;Pants;1044;1;4;1;I ordered these for store pick up and loved the color (red ones). the fit in petite ws nice and flattering, but iwould have to wear them with ehels still. th reason i didn't keep them is perhpas the pocket placement in front didn't flatter me as well? i think maybe i will order when on sale, or find a similar style with different frnt pockets.
448;0,0537708768987086;36;Tops;Knits;873;0;4;1;"I found this to be true to size (m fit me well - 5'7"", 140 lb, usually a size m for tops). it does have a straight fit, and it hits at the waist. i wouldn't call it cropped, but if you prefer longer tops you may want to layer. it looks cute with a collared shirt underneath, and you can pull the shirt's cuffs over the sweatshirt. the sleeves were a great length."
15602;0,053807980709795;36;Tops;Fine gauge;903;0;4;1;I really like this pullover. the design is beautiful, and i love the asymmetrical hem. my own complaint is that the fit is a bit boxy on me because i'm large-chested. it's more drapey than tailored. but it's not overwhelming and doesn't cancel out how much i like it overall.
9327;0,0538473595235359;39;Dresses;Dresses;1081;13;3;0;I found this dress to run very large. the fabric was substantial but rather coarse. also, the lighter color in the pattern is lavender and not white or cream.
21708;0,05399810894705;31;Tops;Blouses;819;4;3;0;First off, this shirt is a hd in paris brand, not floreat. i love floreat clothing so that is why i initially bought this blouse. i like the idea and the coloring of the shirt. the biggest drawback for me was that it is completely see through. i just bring myself to get a strapless cami just to wear this one top. please change brand name.
8489;0,0541605380976446;57;Tops;Blouses;823;4;3;0;"This top is for someone flat chested and skinny. i really like the styling, color, fabric and everything except that it's not for my body type. i am a 36dd and have a little bit of a stomach... so it makes me look fat from the sides.
the pictures taken on the model are from the front and back - but i will bet she would still look good in it from the sides! will be returning it."
5374;0,0541985135140029;29;Tops;Blouses;850;15;3;1;I really like the style of this top, and it's delicate but well made, but i wish it were longer and less boxy. it's nice that it comes with a separate cami to layer, but the cami is very cropped. when i raise my arms you can see a lot of midriff (and the top is see through so a layer underneath is necessary). a longer cami probably wouldn't work because the top is also very short. i'm 5'0'' with an average torso length, and ordered the xxs petite. also, you would have to cut the tag off if you d
20344;0,0542059282079354;52;Dresses;Dresses;1083;0;4;1;I love this dress! the fabric and overall design are beautiful. however, the dress fit runs small, at least for me. i ordered a size 10 based on the reviews. i have another byron lars dress in a size 8 that fits well. i kept the dress because it is so pretty.
9774;0,0542818380017502;29;Dresses;Dresses;1099;0;2;0;"The design of this dress was very off for my 5'4"", 120 lb, 32d frame. it's low-cut and tight in the bust, but then very voluminous and unstructured around the hips, making me look wide there. a belt didn't help much. the fabric is nice, but the overall effect of the dress was frumpy."
7070;0,0543264607814757;35;Jackets;Jackets;964;1;5;1;"This is my third marrakech jacket in as many months. i love it! i was hesitant to order it because of the beige color. luckily it is more of a green beige. it is a very flattering jacket and yes, you do want to size up. this jacket is so comfortable i usually leave it on when i get home because i don't want to take it off. i am 5'5"", 34 b and the medium fits great!"
406;0,0543994387113724;46;Tops;Fine gauge;898;1;2;1;"Had to return this for a couple of reasons: 1) was too small! it's made like one of those tiny mittens that stretches to fit any size hand. i didn't bother to order a size up because i wasn't sure whether to go from a small to a medium or to a large. 2) the main color isn't grey, like the picture. it's a black and white checkered pattern. so, it doesn't look at all grey irl.

i'm still recommending because, if you get the right size, and like the colors, it will be a nice, light and comfy swea"
3173;0,0544223824356219;50;Tops;Knits;867;1;5;1;Women who want some flutter without too much fullness
689;0,0544820550139438;45;Tops;Knits;869;0;4;1;Cute top but does stretch out a bit throughout the day.
3147;0,0544863972980057;28;Dresses;Dresses;1078;4;5;1;Just received this dress and i am in love! the colors are beautiful- perfect for both summer and fall. the fabric is very soft and the fringe detail adds a nice feminine touch. i was disappointed when i missed out on the first fringe stripe shift dress from holding horses at the beginning of this summer. it was completely sold out in my size 0. however when i saw they restocked the dress in a new color (and now lined yay!) i had to buy it. would defin recommend!!
11040;0,0545553427175064;50;Dresses;Dresses;1084;5;1;0;"Dress is nice but can't be worn without tights or you are at a risk of indecently exposing yourself. it is around 30"" in length so is more of a tunic than a dress. i'm only 5'1 and it was too short . can't imagine anyone taller even trying to wear this !"
14073;0,0546743879423108;58;Bottoms;Jeans;1025;0;5;1;I love these pants! so comfortable and the material is so soft.
10988;0,0546847473934936;58;Tops;Sweaters;936;1;3;0;In the picture it looked to be a structured blazer, but when i tired it on (i got an extra small) and it was too big.
14252;0,054690178339238;49;Jackets;Outerwear;1116;0;4;1;I usually wear an xxsp in retailer brands. i bought this jacket in a regular size 0 and it fits like a glove. even the sleeves are the right length. it really accents my narrow waist. i imagine it runs very small for those who wear regular sizes. if you are petite this is the jacket for you. the jacket is unlined so i cant wear it in cold weather. it is very nice over a dress with black boots and with skinny jeans. i receive complements every time i wear this item!
1420;0,0547104272139595;31;Dresses;Dresses;1092;3;5;1;Really cute dress and i cannot wait to wear it for my wedding rehearsal dinner. the buttons on the back are my favorite part about the dress since they add something different. it fits tts, but it is more fitted than a regular shift dress, which is nice. i am 5'9, 145 pounds, and the size 6 fit me perfectly.
19138;0,054757420077861;35;Dresses;Dresses;1110;12;5;1;"I wanted this dress in yellow from the moment i first saw it on instagram. i waited for it to be available online and once it was i ordered it. i am usually a size medium but sized down to a small petitie (5'5"") -- and the fit is off. i am a 34b so its too roomy in the chest. because i love everything else about this dress i am going to re-order in an xs petite but that will be two sizes down for me. not sure if it will fit. length was good. looks great with a dark denim jacket . the dress is li"
15227;0,0547853300734901;40;Bottoms;Skirts;1020;3;4;1;This skirt is the perfect flirty denim piece for the summer.   it's light weight but good quality.   the only draw back is the waist is quite fitted when zipped.   had to size up.    it's like a pencil skirt on top, which does make it tough to tuck anything in unless it's very thin.   overall, charming skirt.   do love.
18966;0,0548969779980236;55;Tops;Knits;872;0;5;1;"Originally ordered a large but it was huge. the medium fit perfectly. i'm 165lbs, 5'7"". lovely material and interesting side details. the sides do come up quite high but a camo or tank underneath does the trick. lots of compliments!!"
11842;0,0549315904110615;34;Tops;Knits;862;3;4;1;I have been looking for a soft turtleneck that can be my to-go piece in the cold weather. this fits the bill as far as the material goes. the material used is very soft and even though it seems light in weight, it is actually very warm and not see through at all. i like the feel of this top. it would be pretty accurate to say that it feels as if i am wearing a blanket around me. it is that comfy!!! however, the one detail about this top that i am unsure about is the cut. it is very boxy to the e
6187;0,0549458943612447;53;Bottoms;Pants;1070;0;4;1;I decided on these last minute for a date last night and let me say...i looked hot. :) they are super cute and flattering (im slender, but hey, im also 53) and could be dressed up or down easily. the but is because when i got home i realized that i had ruined my new gel manicure from the black die! it comes off so easily that you should be cautious of your car seats, sofa, etc. i made the mistake of not washing first, but do! hopefully thats enough to help because these are great leggings.
20006;0,0549487268919401;48;Tops;Blouses;824;0;5;1;Love this top! a new take on traditional flannel. yes it is pricey for flannel, yes it is not thick like a traditional flannel shirt but it is feminine, sexy, comfortable....even my husband liked it on me. i ordered a regular small, wish i would've went for a petite x-small, however they are sold out. regardless i am keeping :-) for reference i am 5'3, 110-115 and the small is definitely roomy.
14807;0,0549837487762139;57;Intimate;Sleep;231;0;5;1;I'm 119 and small frame, but took a chance and ordered the m. so glad...the fit was perfect. the robe is soft and beautiful!
18757;0,0549922715642198;52;Bottoms;Pants;1068;0;5;1;These wanderer pants are my go to. i love the patch pocket styling. they are true to size, but seem to stretch, so buy a size down. trust me, it will work.
23357;0,0550575003220024;36;Bottoms;Jeans;1037;0;5;1;I bought these in light grey and navy. they are both beautiful. high quality,very flattering, and so comfortable! i love them! they're a perfect long length. i have long legs and it can be challenging finding a good length in pants. the pockets are deep and functional, which is rare in women's pants. they are more than i like to spend, but i will get a lot of wear out of them. they look and feel fantastic. i highly recommend these!
18215;0,0551504106709329;38;Dresses;Dresses;1090;4;3;0;"In my opinion, for this amount of money, the dress needs to be something really different. and this one isn't. it has several structural issues and it seems to have a split personality (summery material, dark color, flirty and fun...but overly conservative up top.)

initially, the top portion is extremely sheer. you're saved (a bit) by the extra fabric at the front, but it still seemed odd that the top isn't lined - particularly for a dress meant for winter.

there's too much going on up top. th"
13013;0,0552477785217739;21;Dresses;Dresses;1086;13;5;1;Absolutely amazing! a must staple in every one's closet this season. i purchased the dress in a medium for a more relaxed look/feel. the silhouette is comfortable and makes for the perfect put on
8648;0,0552748287649966;65;Intimate;Lounge;674;1;5;1;This product is the best if not the most excellent garment i have purchased in years i feel like a model even though i am full body lady what gorgeous piece of clothing
13236;0,0553276688327238;39;Dresses;Dresses;1083;1;1;0;The cut of the top portion of the dress is off. i tried on the s in-store & it bunched up in the breast area. i ordered a sp hoping the petite would fix the problem - nope - still bunched up. for reference i am a 34b. i would have kept the dress and given 5 stars if it wasn't for said flaw.
16528;0,0553433667698838;35;Dresses;Dresses;1080;0;5;1;Bought this for a summer wedding, it fit great and i got a lot of compliments!
5436;0,0554071945114718;28;Bottoms;Shorts;316;1;2;0;I was excited to get this romper, but it just didn't work. i'm petite with a large bust and the blousy design of the top portion just hung like a bag on me. returned.
9722;0,0554142495664628;31;Dresses;Dresses;1092;2;5;1;"I was hesitant to buy this dress with all the reviews regarding poor fit, particularly in the bust area, but it's so unique that i decided to give it a try anyway by ordering a petite size. i was pleasantly surprised to find that it fits beautifully in my usual size. i did not find the bust to be small at all, and the overall fit was very slimming and flattering. for reference, i am 5'2"" 110lbs 32dd, and the size 2p looks great and is very comfortable.  the 0p might have worked too. the material"
2047;0,0554219756374258;27;Dresses;Dresses;1092;1;1;0;"This dress looks amazing on-line. in person the arm ruffles are much larger and stick out, and the dress at the bottom makes you look like strawberry shortcake. too much all over ruffling at the chest and is not flattering. pattern is dizzying in person. 

very thin multi layer dress. should be better material and quality for this price. save your money and shipping."
2472;0,0554292870496888;36;Bottoms;Pants;1059;6;5;1;"Perfect fit. did not lose its shape. thicker material. great quality for a great price. definitely  a wardrobe  staple. can be dressed up or down. work (business) appropriate. fits tts. for reference,  i am 5'0"", 109lbs, and the 00 petite fits perfect. falls right above ankle like pictured. if they had more colours, i would get them too :)"
2226;0,0554682675501263;47;Intimate;Lounge;677;0;3;0;"I read the reviews before i bought this dress and had trouble believing that the dress literally fell apart at the seams so i bought it. first the good: i love the color, the fabric, and the design. it's very lightweight and loose-fitting and is perfect for hot days. the neck and sleeves are pretty on. i can wear it as a cover up or put on a necklace and sandals for everyday errands and things.
now the bad: it literally falls apart at the seams as you take it out of the package! i""m surprised a"
10723;0,055480910355861;37;Intimate;Lounge;127;1;5;1;"I got he green color with gray accent stitching, looks awesome with gray tone leggings. super soft, definitely runs a little big (5'6"" 140 lbs i ordered the small) but not in an unflattering way."
15612;0,0554860122259057;36;Bottoms;Shorts;450;11;1;0;I was hoping these would be like some of the lace shorts i bought from retailer last year that i loved so much. sadly, no. first of all they run small. i am between a s and xs in most brands, bought a s in these because i like my shorts on the looser side. these felt a little snug and short, but i decided to keep them. the first time i washed them, they were ruined. i followed the directions exactly and even put them in a lingerie bag in the washer, plus a delicate cycle, no dryer. the lace is man
15580;0,0555806079883765;39;Dresses;Dresses;1096;1;4;1;"I love this dress (from the moment i saw it online), and now that it is on sale, i ordered it (green). i do wish the flesh color was a little more pink, love the color in person, but not as flattering on my pale skin (i ordered a different similar dress in teal and purple, that oclor was better).

so, fit: like a glove: i am dd, in waist, lbs short = 0p. length was sexy, and overall great flattering fit. similarly to other dress, i wanted the length of this one, however. nice slightly above th"
9306;0,0556534592059118;74;Tops;Sweaters;949;0;5;1;"Classic retailer piece that i am so happy to have in my wardrobe. high quality all wool felt jacket. unlined, stretchy comfortable knit. i wear mine as a knit blazer and love it. it is not merino soft, but soft enough to wear over a long sleeve tee. the neck does not itch. 

fits tts, i wear a l and that is my normal retailer size. i am tempted to get the cream as well!"
9372;0,0556802747409547;42;Dresses;Dresses;1082;2;5;1;"This dress is adorable. the ruffles are a very cute detail. the top is a bit transparent. for the price it probably should have included something to make it less transparent, but it is so cute i will just put a cami underneath. runs true to size, my usual xsmall fit perfect (5'4"", 34c, 135 lbs). i didn't find the top to be that blousy, i thought it was perfect for me."
9275;0,0557162026484932;59;Dresses;Dresses;1079;23;2;0;"Alas, i so wanted to love this. the photos of the models wearing it look gorgeous -- flowy, drapey, ultimate grecian goddess. but it just doesn't work unless you're super-skinny. too much material. almost bulky; strange looking. the print is so beautiful -- i love the pink floral, and i love the whole idea of the dress. but it just doesn't work. have to send it back. 

(i'm 5'6"", 135 pounds, 38-30-38, and i ordered a 10.)"
5612;0,0557344293434814;56;Tops;Blouses;850;0;4;1;So pretty, but does run large. i am an 8-10 , got the 8 and big through the chest. had to return for this reason. if you are on the busty side it will look fab on you.
20944;0,0557385789035278;53;Tops;Knits;868;0;4;0;A very cute and comfy top that's lightweight and falls nicely... but, it does snag very easily. so far, i've worn this top once and found small snags in multiple areas. the snags might blend into the fabric texture if they did not create dark spots. the yarn/thread is a mixture of a celadon tone and black, which concentrates the black when snagged.
1134;0,0558341639365472;52;Tops;Blouses;829;4;5;1;"I am always on the hunt for a white shirt that is not too sheer, so that i can wear it without a cami underneath. on that count, this top is a winner!
regarding the fit, it is a shorter top, so i am not sure that it would be able to be tucked in a bottom for most people. i am short waisted, and i wouldn't be able to tuck it in.
in fact, i think it is really meant to have an almost cropped fit.
fyi: 36c (34d), broad shoulders/back, short waist - in a fitted shirt i take a 10/12, but i tried this"
2921;0,0558668967376624;27;Tops;Fine gauge;895;0;4;1;Nice warm long cardigan that can work for many seasons. works well over a dress.
4819;0,0559192124891695;39;Intimate;Layering;520;0;4;1;I really like this top. perfect underneath cardigans or on its own. the fabric is a bit thin so light colors may be see through. love the wider style so there is no bra show. versatile. i see myself purchasing more of these!
20542;0,0559820407024874;48;Intimate;Lounge;128;1;5;1;These legging are adorable. i love that i was able to get them in a petite size and the detailing of these pants are awesome. the buttons at the ankle are cute. i truly feel these leggings are worth the price i paid for them because normally i don't like to spend so much on leggings.
17608;0,0559915492294701;47;Dresses;Dresses;1078;0;5;1;I hesitated to purchase this dress because of the color but it is a beautiful deep pink that i think would work with all skin tones. i ordered a size down as recommended by other reviewers and the dress fits perfectly. the feel is amazing - incredibly comfortable and not too short when you lean over!
7205;0,0560597204731132;67;Intimate;Lounge;251;5;5;1;I love this cardigan! its fit, however, really depends a lot on an individual's height and build. i am about 150 lbs. i have slim arms and am larger in the chest. my typical size in retailer clothing is m. having said that, i found that in this top a s fit best. it made a difference with how the pockets and lapels lay. the pants you wear may affect the look when you snap it closed. wearing leggings or slim pants (ex. pilcro cords) gave a much more flattering look to my backside. jeans...not so muc
11955;0,0561507720921509;25;Dresses;Dresses;1095;18;5;1;This is so adorable and flattering. dress it up or down with a denim jacket weekday to weekend.w/flats or pumps. love this cute dress. not all wool so it's not itchy at all. the colors are vibrant and would compliment any complexion!
16340;0,0561840127258692;43;Tops;Blouses;823;0;2;0;I wish this shirt would not have had so much material. it would make a great maternity top! if you are really thin, it might work for you too.
16584;0,0562064381924615;47;Tops;Knits;886;7;4;1;"I purchased in store to avoid shipping costs. my local stores don't carry xxs, so they are mailing it to me. i usually wear an xs, but it was roomier than i cared for and made it look a bit sloppy on me. this tee is more distressed looking in person than online, as well. i wish it were more refined because the neckline is very feminine & interesting; i would have liked the ability to dress it up more. also, the solid blue and coral are lighter in color than they appear on my monitor. the blue st"
5461;0,0562170231622284;32;Intimate;Lounge;375;11;5;1;"My new favorite cozy and stylish ""go-to"" piece for everything from park with the kiddos to mat class to impromptu financial meetings."
11092;0,0562367173425753;39;Bottoms;Pants;1059;1;5;1;These pants are fabulous. the flow and feel made my mind up easily to purchase these. i have a long torso and short muscular legs. the style complimented by body type. being culottes, the hem should probably fall higher up on my legs. i will probably have them hemmed. the pleat has a nice kick to it. now off to find the right pair of shoes...
7766;0,0562786786250464;34;Tops;Sweaters;936;2;5;1;"I adore this sweater coat! i first bought the green color in my normal size online on a whim mostly due to the positive reviews. i was not disappointed at all! this sweater coat is soft boiled wool.. the green color is a deep forest that looks incredible with black, grays and berry colors.

the fit appears to be magical. it manages to be both roomy and figure flattering, which is tricky with my figure (hourglass). i tend to need a defined waist, but somehow this coat manages to be very slimming"
6906;0,0562941133766937;49;Dresses;Dresses;1078;0;2;0;"I have a holding horses dress similar to this one from about a year ago.  i loved the swinging fit without it looking like a maternity dress.   the fit and style of this dress is wonderful, it's the color that killed it for me.   i ordered the ""orange"" because i liked the photo on the model.  when the dress arrived in the mail, i could hardly take it out of the package and try it on.   the color is almost neon orange.   too much for this redhead.  hard to wear that bright neony color.  not sure"
1996;0,0563861816375079;54;Tops;Fine gauge;895;0;5;1;Beautiful sweater. i first bought it in black and loved it so much i bought it in burgundy. the burgundy one is longer and slightly bigger than the black one and they are both smalls. nice thing is i can wear the burgundy one with leggings. love the lace on the sleeves and the sweater is a nice weight.
22560;0,0563946174095305;56;Jackets;Jackets;986;3;5;1;I own several of retailer's kimonos, & this has to be the prettiest. the colors are rich & more beautiful in person. i can't wait to pair this with jeans & shorts this summer!
23382;0,0564174440862784;74;Tops;Knits;863;0;5;1;I really like the gentle flow of the fabric. this top can be worn casual or dressy by adding jewelry or or a scarf.
13213;0,0567126319200168;53;Tops;Knits;884;14;4;1;This henley has a lot of very nice details (lace, embroidery). the material is soft and a little bit sheer (more so in the lacey sections). it is made in india and the style strikes me as a bit indian looking. the only thing i do not like is that there are two buttons along the v shape decolltage..but there are no button holes on the other side so they are purely for decoration (you can see those buttons in the enlarged detail view only). this irks me a bit, because i would like to button the sh
16056;0,0567382780583128;29;Tops;Knits;867;0;4;1;I really like the design and colors and the material is so soft and comfy. the top is a little on the short side so wearing a tank underneath is an option if you don't want your stomach to show when you raise your arms.
12666;0,0567990813353283;20;Dresses;Dresses;1078;0;5;1;Definitely shorter than expected, but a super light, airy, and comfy dress for summer nights. a must for summer dinner parties!!!
1040;0,0568163081233507;44;Tops;Knits;879;19;4;1;This is more a sweater than a sweatshirt but it also feels more casual, like a sweatshirt. i put it on and immediately felt comfortable. it's stylish but not frumpy and it will work for me running around town doing errands or going out for a casual lunch or dinner. it's a perfect weight sweater to throw on in the cool cali evenings.
4921;0,0568412226826927;52;Bottoms;Pants;1059;1;5;1;I have an upside-down triangle shape. i am a 4/6 on the bottom and a 10/12 on top. i have a short waist. i have very slim hips and virtually no waist. so, a typical jumpsuit or romper really doesn't fit me. this one is the exception! likely because it ties in the back, but the s fit me perfectly. the bottom half is easy, but not oversized. the top half of the jumpsuit is adjustable, so there is no issue with size. i am 36c on top, but i think that i could pull off the top, without a bra. you can
16190;0,0568624648425283;49;Dresses;Dresses;1082;0;1;0;I love the dress as shown in the photo. thankfully i had a chance to see the dress in the store. it is sheer. can see thru it. can not wear this to work.
20389;0,0568753538904209;50;Tops;Blouses;829;0;5;1;Super cute and flow. mine had a bit of stitching problem so i am exchanging it for the same thing. fabric feels great. def recommend
3566;0,0569386448658265;45;Tops;Knits;863;0;3;1;This is a very comfortable shirt    great basic to have in the wardrobe    it runs a little high on the sides
20606;0,0569693575019848;43;Dresses;Dresses;1081;0;5;1;"I saw this dress and had to have it. it is very cute and comfortable. i have fuller hips, so i'm not sure about the stripe across the widest section of my body. the arm holes are a little gaping as well as other reviewers have mentioned. i bought the medium which fits well everywhere, but the arm holes. i think the small would fit me everywhere, but the hips. so, i'm on the fence of whether to keep it. i do like the dress and it is of good quality; it just may not be the right fit for me. i'm a"
12841;0,0569968470461135;47;Dresses;Dresses;1092;2;4;1;Ok, the material is great, light & airy. the thing they don't show you is the waist line is tucked in the photo, that's why you cant see the bi level hem line. the hem line is fantastic. the waist is the problem, the whole dress just hangs huge from bust down. the material is so light i would caution against darting the dress. i created a button loop cinch under the outside corer of the pockets, on the seem of the waist. this worked for me.
13522;0,0570020622002166;45;Tops;Fine gauge;909;0;5;1;This sweater is so soft, beautiful and well made. it runs just a bit large, but i love the look.
21390;0,0570393636588703;46;Tops;Knits;878;0;5;1;I ordered the blue in size xl. it's even prettier in person. the fit runs a little smaller/shorter on me than shown on the model. i'm 5 ft. 5 1/2 in. for reference. i love the detailed stitching. it is delicate and can catch. my dog's claw pulled on it and i had to reweave the thread back. i've washed mine twice, reshaped & air-dried. it didn't shrink much at all. it's perfect for spring & summer. i've gotten a lot of compliments on the shade of blue. it's really so pretty.
20364;0,0571318313267721;21;Dresses;Dresses;1110;5;5;1;I ordered this after falling in love with the near-identically-patterned red linen shirtdress - this dress has almost exactly the same construction, but the cloth is slightly heavier-weight, and there is no slip (because the fabric is thick enough to not need one). a few other reviewers mentioned that the cut was ill-fitting or unflattering - obviously, that depends on the wearer's build - this dress seems cut for relatively small-busted people, so i lucked out. i love the classic a-frame outlin
793;0,0571846019525911;63;Tops;Fine gauge;896;4;5;1;I am totally in love with this sweater!! it is lightweight, comfortable, and very versatile. throw on a pair of jeans and it is casual. throw on dark slacks or a skirt and it is dressy. the design does not become the focus of the sweater but rather takes it up a notch making it a fun piece to wear. the color is not a light red, but rather a rich cabernet wine color. this sweater is well on its way to becoming one of my all time favorites!!
3686;0,0571893229142508;69;Tops;Sweaters;945;2;5;1;"Ignore the nutty negative review because this sweater is beautiful and really looks like a hand knit sweater. the quality is excellent, with two side pockets that are lined. it's really soft and so comfy and thick. just perfect for my southern ca evenings all year long. 
so comfy you can wear it as a robe!
looks just like the photo; i got the m/l and it fits like an extra large, which i like in a bulky cardi.
super gorgeous! what a steal at the sale price."
18812;0,0572595071580111;27;Tops;Knits;862;4;5;1;I love this sweater. i purchased it in the red/berry color. it is so incredibly soft and cozy and the fit is fantastic! it hugs my curves in all the right places! i purchased it without even looking at the care instructions. but, after reading a couple of reviews here, i opted to wash on delicate and line dry. it came out perfectly!
17166;0,0572755238784054;48;Dresses;Dresses;1078;1;5;1;"I bought the multi-color stripe and it is adorable! i am 5'9"", 135 lbs and purchased a size small. it is a perfect length and drapes well...not too tight at all. i received a ton of compliments the first time i wore it. highly recommend!"
7214;0,057306599179321;45;Tops;Blouses;822;0;5;1;This top has so many details. i love the material. it adds a little formal to the casual jean. i am waiting to wear this come fall weather with slim jeans and some boots. it gives me that old victorian vibe without being still and formal.
791;0,0574655354662261;43;Dresses;Dresses;1092;0;3;0;This is a beautiful dress except i expected it to be more flowy. the fabric is much more stuff than i thought it would be.
9702;0,0575044160998212;33;Tops;Blouses;829;0;5;1;This is such a cute top. i bought it when it was a new arrival and couldn't be more thrilled. it washes well in the the washing machine. the only flaw is that it runs on the short side. otherwise, i'm thrilled.
18367;0,0575246376307029;36;Tops;Knits;875;0;4;1;This top is beautiful in person, love the buttons in the back, fits a little boxy but i like that style
3415;0,0575380982697796;44;Tops;Knits;872;1;3;1;I just sent this back. it is very cute & the fabric is great, so soft & comfy, but it doesn't work with my shape. it is extremely swingy in shape and the buttons up the front only work if you don't have a large chest. on me, it looks like maternity and it gaps when i button it. am a 34dd. it's not the fault of the top, but a bigger size would have swallowed me. i think if you are thin and also not top-heavy like the model, this will be adorable on you. i am just too busty.
5780;0,0575749239832766;56;Tops;Knits;862;0;4;1;I am very happy with my purchase. it is a great sweater! very easy to wear and cute! i am very sensitive to scratchy wool products and this one is very soft. i highly recommend it.
12797;0,0576841239935466;28;Dresses;Dresses;1082;0;4;1;Lovely crochet lace tunic. also very comfortable. doesn't wrinkle and the cotton has a lovely feel.
14357;0,0577018629707171;32;Tops;Knits;854;0;3;0;I would have to wear a camisole underneath this, which is odd considering it's still two layered in the front. i wanted an easy white shirt to wear, not something i'd have to layer.
2176;0,0577309345226208;35;Bottoms;Pants;1066;0;4;1;I recommend this product if you are tall. the pants fit great but they are too long. im 5'7' and they drag on the ground.
12004;0,0577688895508658;35;Tops;Sweaters;949;1;5;1;I love this sweater! it's vivid, soft and high quality. it's a little shorter than i'd normally go for, but it will look great with a mid to high rise jean. it runs true to size and meant to be roomy. the red is very vibrant.
11652;0,0577691070777273;25;Dresses;Dresses;1072;0;3;1;I tried on 4 different dresses and every one of them had a slightly different, awkward hem line. they were asymmetrical but only a tad bit so it just looked crooked. finally found one that wasn't so bad but decided not to purchase because the perfect fit for my arms was too big in the boobs. i am a curvy, athletic build, with broad shoulders and small waist, for your reference.
20318;0,0577729426445935;55;Tops;Fine gauge;903;0;4;1;I bought this top for my 15 year old daughter, and she thinks it is beautiful. it's very comfortable, and good for days that are not too cold, but not too warm. lovely!
12061;0,0578630258083288;36;Dresses;Dresses;1080;0;2;0;"This dress has a beautiful fabric, i really hated to send it back. it was just so unflattering, absolutely no shape to it. i bought a 0p, i'm 5'5"" and 117lbs and it looked like a maternity dress on me."
3621;0,0578951310024977;34;Tops;Sweaters;940;2;3;0;This is soooo much more cropped than it looks in the picture. the fabric is super soft and design is cute. i really wanted to like this, but it just doesn't fit as shown. the back is halfway up by back and i am shortwaisted...
7212;0,0579061258334279;32;Bottoms;Jeans;1022;0;4;1;These pants fit wonderfully. perfect for casual day i had planned at a music festival when it was still a little chilly out. they fit just like my skinny ag jeans, but have a more relaxed feel in that they uber skinny. held up well all day.
21003;0,0579141939269889;52;Dresses;Dresses;1082;3;2;0;I wanted to love this dress. it really has no style. i was expecting the smocking to be fitted but it just hung. i considered going down a size but i think the lining would have been too tight. had to return it.
10728;0,0579638350281142;37;Tops;Blouses;836;0;2;0;"So bummed. i was really hoping this top would work for me. i got the black in regular size 4 and the pink in petite size 4. both hit my breast too high and were too bulky in the mid section. i have a sort of short torso, wear a small 34c, and am have a defined waist. when tops are bulky, it gives me no shape and just looks terrible. i am having the hardest time finding pretty tops that suit my figure. they did not lie flat like on the model but had so much extra fabric they stuck out.
the constr"
21029;0,0581611444331721;44;Dresses;Dresses;1078;8;3;1;"Beautiful sweater dress. nice texture gorgeous pattern. however not for my body type! i'm 5'5"", a size 12-14 and i carry my weight in hips butt & tummy area. this dress is only slightly a line, almost straight and even the xl didn't look flattering on me. and the arms are definitely smaller and weird too-there is bunching in the pit area. i tried on a large for comparison and it was too tight all over and there was a button missing too. this def. runs small and i think will be flattering on the"
6404;0,0581616528795382;32;Tops;Fine gauge;895;0;4;1;"Loved it on the hanger and when i tried it on. it's a gorgeous shade of blue (denim, not navy) with some light tie-dye streaking along the top and sides which add interest. the ""bat wing"" feature is a little limiting; i won't be able to reach anything high without the whole top coming up with me. as for the material, it's an interesting blend bc it isn't soft or rough. some may say it's itchy and some may say it's soft, to me it isn't either. it's merely smooth enough. which sounds terrible, ""it"
1472;0,0581759352260892;27;Tops;Blouses;832;1;5;1;I love this blouse, it's very unique and gorgeous. this blouse is versatile with short, jean and skirt. love it!!!
20623;0,0582217002843687;54;Tops;Knits;872;3;5;1;I love this top! shows off the shoulders but a normal bra works. no tank needed. not too boxy looking, all these things i have had a problem in some of the currant tops an retailer. i felt it was flattering and comfortable with some country chic. i found the colors to be a bit more rich than online. there was a tiny bit of puffy fabric around the back upper shoulder, but nothing to worry about. the neckline is a stretchy and close fitting, and that's the part of the top that i don't usually wear i
3017;0,0582432060951784;31;Tops;Blouses;822;0;5;1;I saw the two star review and wanted to share my opinion. i saw this item that had been returned to a store and i love it. the fabric is a bit sheer and i think will require a nude tank underneath, but i think it's adorable. don't be scared away by the review below!
4754;0,0583366954319772;47;Tops;Knits;872;0;4;1;I love this top. the design is flattering and the fabric drapes nicely. the length is perfect and can dress it up and down.
17598;0,0583506682603509;49;Trend;Trend;1137;7;5;1;"I found this at my local store and ended up buying both colors. the fabric is thicker than a t-shirt. these will go with so many things....jeans to dressy skirts. i normally wear a small but ended up buying the medium (2). the small fit me but was a little too short (for reference i am 5'8""). these will be a staple in my wardrobe all year round. love!"
14602;0,0583735321188261;36;Bottoms;Pants;473;0;4;1;These shorts are divine. the fabric is sturdy and there is a weave of sparkle that i did not perceive from the picture.
17734;0,0583933475087792;39;Tops;Fine gauge;895;20;5;1;"Bring back the old retailer timeless pieces! this cardigan is very flattering, the flutter sleeves add a romantic touch to the cardigan. the colors are neutral, and the vine part (black) is like velvety. the fit is super flattering, i originally bought hte xs in the store, but decided to also order the xs petite to compare ( i am 4115 lbs, 5'1.5"" and 30 dd, with 26-27 waist). both fit, but the petite was better fitted on my waist. also, the length would work better on top of dresses. i also tried"
1067;0,0584113772702479;51;Bottoms;Skirts;1008;0;5;1;Ii'm not usually big on lace but this is so unique and versatile that i went for it. looks good dressed up w/a nice top or casual w/a tee. can be worn practically all year. love it!
770;0,0584250476986213;41;Jackets;Outerwear;1123;3;4;1;I was lucky enough to see this in store when it went on sale and although i rarely wear leather/vegan jackets i tried it on. i am torn on sizing i'm normally a m or 8/10 in retailer but the m fit slightly tight in the waist and the l was slightly loose. i ended up with the l in the moss color, since i can layer and don't really want the jacket too cropped. i also saw the brown and tried that on but for me the moss color was much richer.
16292;0,0584375480791909;45;Tops;Blouses;818;2;1;0;This looked like a simple, chic blouse, but the fabric felt cheap to me, like thin lining fabric. the neckline is too deep and wide as well and so not flattering.
15146;0,0585351840108524;37;Jackets;Outerwear;1123;0;5;1;So happy with this jacket! i have looked for what feels like forever for a vegan leather jacket that is (1) long enough in the sleeves and (2) wide enough in the shoulders without being bulky through the body. i found it ran true to size. my usual large for well, xl was a little big. the material is beautiful and soft and the colors are great. i ordered the honey and cognac and love them both.
22337;0,0585652527443148;34;Dresses;Dresses;1078;1;5;1;"This dress is fantastic! it's super flattering and very versatile. for reference, i am 5'4"" and 155 lbs, and usually a size 8 - 10 in retailer dresses. the size medium fit perfectly. highly recommend this item!"
11707;0,0586316592517766;53;Tops;Knits;872;11;5;1;I just purchased this adorable top at my local retailer store, not really expecting to find anything, i saw this one so i tried it on in my usual size small and it fit me perfectly (34d-27-35). i bought the black with the colorful print and think it's even prettier in person. it looks cute with the ties either open or closed and the material is nice and soft. also, the arm holes aren't too large which is always a nice plus:)
5791;0,0586771315780515;54;Dresses;Dresses;1086;2;5;1;"I purchased a large and it fit perfect. i'm a size 12- 36dd. the material is very forgiving and flows over my curves. thick enough that it doesn't need a slip and will stretch to fit size 14 ladies, maybe size 16 too. i'm 5'7"" and the length is great on me with flat sandals. doesn't show my bra either."
14500;0,0587260470492404;41;Dresses;Dresses;1110;3;5;1;"Love this dress! bodice and lace at bottom gives is a cute layered look. there are buttons on the front (see pic), but it does not button up. i'm a bit on the ""hippy"" side....physically hippy, that is...and this dress did a great job of downplaying my hips. ;) i'm 5'4"" and this dress hit just above my knees (a bit longer than on the model in the photo). would look cute with a jean or military jacket! i am wearing a small. 5'4"", 130lbs, 32b chest."
7439;0,0587746376831269;33;Tops;Blouses;829;1;4;1;I read the other reviews that said the shirt ran small but i found that it fit fine and i chose my regular size in maeve. the only issue is that it's baggy around the middle which is a little off and i found that it was a little too short. i gave it four stars because of the print. i chose the cat print and it's just so adorable. i might try to have the shirt taken in at the waist and then it would be perfect.
16588;0,0587871884741289;34;Bottoms;Pants;1053;2;5;1;Saw on my way out of the store and had to try them on. they are very comfortable and surprisingly cute. the jogger style usually doesn't flatter my curvier body but these have a drape to the fabric that made them look so much nicer. i took in two sizes, my usual small and a medium since i just had my second child and still have some post baby weight. i still went with the small after trying on both though. the medium was a bit too big and shapeless. the small was comfortable and looked better. t
1482;0,0589202013262239;49;Intimate;Intimates;248;0;3;1;This is pretty and provides coverage with a bit of support for wearing around the house. i'm a 34b so i ordered the small- it still had room in it so i tightened the straps and used the tightest hooks on the back, and that makes it fit ok. i bought it just to wear at home since i was not expecting a great deal of support or shaping, and while it feels ok it is not super-comfy- it's a bit scratchy around the edges. i was going to buy another color if i loved this, but as it is i will keep the one
21584;0,058938808841345;24;Tops;Knits;869;2;5;1;This top is the perfect staple! the fabric is soft and comfortable. i generally wear medium tops, but the small fits perfectly. took the chance ordering online and i am very happy!
9369;0,058961201665925;35;Dresses;Dresses;1098;0;5;1;I am 5ft 8in and about 140lbs-athletic busty build. i normally wear a size 4-6. i ordered this dress in white in a size 6 and couldn't be more pleased! i actually hopped online today to try to order another in the lilac but they are unfortunately sold out. this dress is exactly as pictured-the upper back is fitted, keeping it from going out too much and looking like a straight up tent. i adore it and hope that they will re-stock it!
9045;0,0590028027886692;53;Bottoms;Pants;481;3;4;1;"So cute and so adorable but too short for my body in size small. i'm going to try a size medium.
fabric is a nice weight cotton. lining is good, sleeves are a not too tight."
11666;0,0590243608406843;25;Tops;Fine gauge;895;3;5;1;I kept going back to this sweater as this goes with so many different bottoms! thank you retailer! i ordered the petite version since i am not as tall as the model so the length is perfect! the speckles of gray are beautiful and would frame any complexion! the fit if flattering with straight pants or short skirts.
9025;0,0590752050346789;63;Dresses;Dresses;1104;0;3;0;The fabric , feel and design of this dress is sooo cute, but so large that sadly, it will need to go back. beautiful and softly flowing design but so full that not flattering.
20040;0,0591052794528877;46;Dresses;Dresses;1097;5;4;1;"This dress was adorable. i found it to be a little too short for my taste- i'm 5'9"", and it hit mid thigh. i think you would probably see my rear if there were the slightest breeze, but it would be perfect on some shorter. embroidery was beautiful, and i loved the collar.  also a little sheer, but with nude colored under garments, it would've been fine. definitely try it out!"
7331;0,0591142532650102;24;Tops;Knits;865;0;5;1;This shirt was very cute. i ordered it as something to be able to wear to class with leggings and it is perfect. the colors are great and the length is very nice. it will be a nice piece to layer with a jacket for the the fall.
19174;0,0591286852738565;57;Tops;Knits;863;0;1;0;I wanted to like this one.. really but it was just plain sloppy looking. i returned it.
1394;;26;Jackets;Outerwear;0;0;5;1;
20668;;39;Tops;Sweaters;6;0;5;1;
7284;;39;Intimate;Swim;24;0;5;1;
1042;;48;Intimate;Swim;31;0;5;1;
22445;;20;Bottoms;Shorts;36;0;5;1;
18336;;64;Intimate;Intimates;38;0;5;1;
2150;;27;Intimate;Intimates;42;0;5;1;
15997;;27;Bottoms;Casual bottoms;54;0;5;1;
8807;;37;Intimate;Layering;61;0;2;0;
18690;;42;Intimate;Layering;61;0;5;1;
6552;;37;Intimate;Sleep;64;0;5;1;
17472;;34;Intimate;Legwear;77;0;5;1;
8271;;64;Intimate;Intimates;92;0;5;1;
16743;;29;Intimate;Sleep;97;0;4;1;
13205;;34;Intimate;Intimates;102;0;5;1;
12324;;55;Intimate;Sleep;116;0;5;1;
22824;;37;Bottoms;Shorts;132;0;5;1;
22984;;51;Bottoms;Shorts;133;0;5;1;
9422;;38;Intimate;Layering;143;0;5;1;
14054;;46;Intimate;Sleep;147;0;5;1;
6557;;44;Intimate;Layering;166;0;5;1;
8772;;61;Intimate;Legwear;169;0;5;1;
12681;;24;Intimate;Legwear;169;0;5;1;
16553;;42;Intimate;Legwear;169;0;5;1;
16919;;38;Intimate;Legwear;169;0;5;1;
18525;;33;Bottoms;Shorts;177;0;5;1;
12059;;40;Intimate;Legwear;188;0;5;1;
2273;;40;Intimate;Lounge;194;0;4;1;
7509;;40;Intimate;Layering;205;0;5;1;
22639;;51;Intimate;Sleep;226;0;2;0;
19854;;31;Intimate;Sleep;231;0;5;1;
7892;;33;Intimate;Swim;234;0;5;1;
520;;43;Intimate;Swim;240;0;4;1;
2169;;50;Intimate;Sleep;244;0;5;1;
10350;;35;Intimate;Swim;252;0;4;1;
2626;;35;Intimate;Swim;254;0;4;1;
22840;;43;Intimate;Lounge;256;0;5;1;
9061;;35;Intimate;Sleep;259;0;1;0;
19300;;56;Intimate;Lounge;260;0;5;1;
901;;45;Intimate;Sleep;267;0;5;1;
2329;;62;Intimate;Lounge;279;0;5;1;
12062;;36;Intimate;Intimates;284;0;1;0;
9390;;35;Intimate;Swim;291;0;4;1;
12246;;27;Intimate;Lounge;300;0;5;1;
15271;;38;Intimate;Swim;302;0;5;1;
17745;;32;Intimate;Swim;302;0;5;1;
8188;;38;Intimate;Swim;315;0;4;1;
22852;;57;Bottoms;Shorts;332;0;5;1;
21808;;39;Bottoms;Shorts;333;0;3;1;
9951;;34;Intimate;Lounge;337;0;4;1;
16193;;28;Intimate;Swim;342;0;5;1;
20314;;37;Intimate;Sleep;351;0;3;1;
4821;;35;Bottoms;Shorts;357;0;4;1;
14650;;36;Intimate;Intimates;361;0;4;1;
1016;;40;Intimate;Lounge;370;0;5;1;
16499;;41;Intimate;Sleep;379;0;4;1;
6618;;32;Intimate;Swim;380;0;5;1;
14778;;30;Intimate;Swim;382;0;5;1;
18711;;30;Intimate;Swim;394;0;5;1;
17860;;32;Intimate;Swim;396;0;5;1;
11289;;55;Intimate;Intimates;411;0;5;1;
21249;;31;Intimate;Lounge;422;0;5;1;
13536;;48;Bottoms;Shorts;447;0;5;1;
7165;;44;Bottoms;Shorts;456;0;4;1;
14302;;39;Intimate;Legwear;457;0;5;1;
20617;;28;Intimate;Swim;459;0;5;1;
12408;;58;Bottoms;Pants;472;0;5;1;
7349;;50;Intimate;Lounge;482;0;1;0;
22325;;48;;;492;0;5;1;
688;;48;Intimate;Lounge;498;0;2;0;
16866;;34;Intimate;Lounge;498;0;4;1;
13438;;43;Intimate;Sleep;508;0;5;1;
16577;;50;Intimate;Sleep;509;0;5;1;
6516;;30;Intimate;Layering;520;0;5;1;
4143;;35;Intimate;Lounge;539;0;5;1;
4803;;39;Intimate;Swim;544;0;4;1;
22206;;41;Intimate;Layering;547;0;5;1;
3355;;41;Intimate;Layering;558;0;5;1;
19659;;26;Intimate;Layering;574;0;4;1;
425;;39;Bottoms;Shorts;602;0;5;1;
18392;;30;Bottoms;Shorts;602;0;5;1;
1308;;40;Bottoms;Shorts;607;0;3;0;
2096;;28;Intimate;Swim;618;0;5;1;
17529;;28;Intimate;Lounge;622;0;4;1;
18998;;26;Intimate;Lounge;622;0;4;1;
13208;;53;Intimate;Lounge;623;0;4;1;
1098;;37;Intimate;Lounge;663;0;4;1;
23030;;27;Intimate;Lounge;688;0;4;1;
1149;;49;Intimate;Lounge;713;0;5;1;
1697;;40;Intimate;Lounge;715;0;5;1;
8919;;31;Intimate;Lounge;715;0;4;1;
7415;;47;Bottoms;Shorts;717;0;2;0;
21538;;30;Intimate;Lounge;731;0;5;1;
22761;;33;Intimate;Lounge;761;0;5;1;
14159;;35;Intimate;Sleep;786;0;4;1;
8457;;55;Tops;Blouses;815;0;4;1;
20265;;35;Tops;Blouses;815;0;5;1;
22604;;50;Tops;Blouses;818;0;5;1;
6811;;36;Tops;Blouses;819;0;5;1;
8106;;48;Tops;Blouses;819;0;5;1;
10605;;40;Tops;Blouses;819;0;5;1;
17885;;35;Tops;Blouses;819;0;5;1;
22729;;43;Tops;Blouses;819;0;3;0;
2509;;51;Tops;Blouses;820;0;5;1;
4400;;46;Tops;Blouses;820;0;4;1;
6080;;56;Tops;Blouses;820;0;5;1;
12075;;44;Tops;Blouses;820;0;4;1;
13372;;32;Tops;Blouses;820;0;5;1;
17536;;45;Tops;Blouses;820;0;5;1;
19930;;31;Tops;Blouses;820;0;1;0;
21475;;32;Tops;Blouses;820;0;5;1;
21994;;37;Tops;Blouses;820;0;5;1;
1175;;34;Tops;Blouses;822;0;5;1;
3733;;46;Tops;Blouses;822;0;5;1;
5537;;52;Tops;Blouses;822;0;5;1;
14075;;39;Tops;Blouses;823;0;2;0;
14093;;46;Tops;Blouses;823;0;5;1;
19485;;27;Tops;Blouses;823;0;5;1;
13875;;36;Tops;Blouses;824;0;5;1;
14043;;43;Tops;Blouses;824;0;4;1;
15105;;58;Tops;Blouses;824;0;5;1;
20246;;53;Tops;Blouses;824;0;5;1;
21680;;44;Tops;Blouses;824;0;4;1;
21701;;37;Tops;Blouses;824;0;5;1;
5117;;34;Tops;Blouses;825;0;5;1;
10280;;44;Tops;Blouses;825;0;5;1;
13572;;29;Tops;Blouses;825;0;5;1;
15870;;25;Tops;Blouses;825;0;4;1;
14565;;43;Tops;Blouses;826;0;4;1;
124;;39;Tops;Blouses;828;0;5;1;
1481;;46;Tops;Blouses;828;0;5;1;
1949;;37;Tops;Blouses;828;0;5;1;
2556;;36;Tops;Blouses;828;0;5;1;
4279;;46;Tops;Blouses;828;0;5;1;
7497;;38;Tops;Blouses;828;0;5;1;
7948;;53;Tops;Blouses;828;0;5;1;
9451;;25;Tops;Blouses;828;0;4;1;
10591;;57;Tops;Blouses;828;0;4;1;
15701;;40;Tops;Blouses;828;0;5;1;
15939;;25;Tops;Blouses;828;0;5;1;
19490;;65;Tops;Blouses;828;0;5;1;
4219;;44;Tops;Blouses;829;0;3;0;
4509;;32;Tops;Blouses;829;0;5;1;
4898;;32;Tops;Blouses;829;0;3;0;
6565;;33;Tops;Blouses;829;0;5;1;
7321;;66;Tops;Blouses;829;0;5;1;
11217;;33;Tops;Blouses;829;0;5;1;
14493;;36;Tops;Blouses;829;0;4;1;
15398;;46;Tops;Blouses;829;0;5;1;
15781;;32;Tops;Blouses;829;0;4;1;
17214;;68;Tops;Blouses;829;0;5;1;
18126;;66;Tops;Blouses;829;0;5;1;
19299;;35;Tops;Blouses;829;0;3;0;
20130;;43;Tops;Blouses;829;0;5;1;
21126;;57;Tops;Blouses;829;0;5;1;
21299;;40;Tops;Blouses;829;0;5;1;
4544;;38;Tops;Blouses;830;0;3;0;
7947;;64;Tops;Blouses;830;0;1;1;
13646;;41;Tops;Blouses;830;0;5;1;
15659;;53;Tops;Blouses;830;0;5;1;
15893;;64;Tops;Blouses;830;0;5;1;
17223;;51;Tops;Blouses;830;0;4;1;
17516;;47;Tops;Blouses;830;0;4;1;
8933;;46;Tops;Blouses;831;0;4;1;
9885;;37;Tops;Blouses;831;0;5;1;
16116;;34;Tops;Blouses;831;0;5;1;
22721;;55;Tops;Blouses;831;0;4;1;
22790;;38;Tops;Blouses;831;0;5;1;
23065;;27;Tops;Blouses;831;0;3;1;
5178;;42;Tops;Blouses;833;0;4;1;
5192;;36;Tops;Blouses;833;0;3;0;
11426;;57;Tops;Blouses;833;0;4;1;
15695;;65;Tops;Blouses;833;0;1;0;
18710;;53;Tops;Blouses;833;0;5;1;
4611;;70;Tops;Blouses;834;0;5;1;
9647;;26;Tops;Blouses;834;0;5;1;
11792;;52;Tops;Blouses;834;0;5;1;
18009;;43;Tops;Blouses;834;0;5;1;
19053;;70;Tops;Blouses;834;0;5;1;
22946;;42;Tops;Blouses;834;0;5;1;
22993;;55;Tops;Blouses;834;0;5;1;
2909;;68;Tops;Blouses;835;0;3;1;
19400;;37;Tops;Blouses;835;0;5;1;
2587;;33;Tops;Blouses;836;0;4;1;
4171;;65;Tops;Blouses;836;0;5;1;
9908;;32;Tops;Blouses;836;0;5;1;
10548;;54;Tops;Blouses;836;0;5;1;
12934;;68;Tops;Blouses;836;0;4;1;
15156;;52;Tops;Blouses;836;0;3;1;
20947;;36;Tops;Blouses;836;0;5;1;
23331;;55;Tops;Blouses;836;0;1;0;
15990;;44;Tops;Blouses;839;0;5;1;
3026;;38;Tops;Blouses;840;0;5;1;
10254;;40;Tops;Blouses;848;0;4;1;
1164;;34;Tops;Blouses;850;0;5;1;
1239;;25;Tops;Blouses;850;0;5;1;
2101;;59;Tops;Blouses;850;0;5;1;
2260;;33;Tops;Blouses;850;0;4;1;
3905;;37;Tops;Blouses;850;0;5;1;
3906;;55;Tops;Blouses;850;0;4;1;
5097;;39;Tops;Blouses;850;0;5;1;
5835;;37;Tops;Blouses;850;0;5;1;
8116;;36;Tops;Blouses;850;0;5;1;
8497;;37;Tops;Blouses;850;0;5;1;
11024;;49;Tops;Blouses;850;0;4;1;
11595;;47;Tops;Blouses;850;0;5;1;
12272;;42;Tops;Blouses;850;0;4;1;
18304;;57;Tops;Blouses;850;0;5;1;
10848;;50;Tops;Blouses;852;0;3;0;
2685;;36;Tops;Knits;854;0;5;1;
4732;;34;Tops;Knits;854;0;5;1;
5406;;52;Tops;Knits;854;0;5;1;
6841;;37;Tops;Knits;854;0;4;1;
7103;;27;Tops;Knits;854;0;4;1;
20254;;39;Tops;Knits;854;0;4;1;
23276;;61;Tops;Knits;854;0;4;1;
2949;;22;Tops;Knits;857;0;5;1;
5642;;42;Tops;Knits;857;0;4;1;
7587;;36;Tops;Knits;857;0;5;1;
9559;;35;Tops;Knits;857;0;4;1;
20432;;36;Tops;Knits;857;0;5;1;
17811;;45;Tops;Knits;859;0;5;1;
4855;;63;Tops;Knits;860;0;1;0;
7181;;42;Tops;Knits;860;0;4;1;
8784;;42;Tops;Knits;860;0;5;1;
9332;;28;Tops;Knits;860;0;5;1;
10704;;39;Tops;Knits;860;0;5;1;
11881;;39;Tops;Knits;860;0;5;1;
12588;;38;Tops;Knits;860;0;4;1;
14190;;30;Tops;Knits;860;0;5;1;
15506;;33;Tops;Knits;860;0;5;1;
19322;;57;Tops;Knits;860;0;5;1;
19469;;46;Tops;Knits;860;0;5;1;
22087;;46;Tops;Knits;860;0;5;1;
2091;;41;Tops;Knits;861;0;5;1;
2352;;23;Tops;Knits;861;0;5;1;
4553;;37;Tops;Knits;861;0;5;1;
8920;;35;Tops;Knits;861;0;4;1;
10056;;30;Tops;Knits;861;0;4;1;
11581;;31;Tops;Knits;861;0;4;1;
12547;;53;Tops;Knits;861;0;5;1;
13302;;34;Tops;Knits;861;0;5;1;
13368;;45;Tops;Knits;861;0;4;1;
13793;;44;Tops;Knits;861;0;4;1;
18100;;60;Tops;Knits;861;0;5;1;
18611;;34;Tops;Knits;861;0;5;1;
20885;;47;Tops;Knits;861;0;5;1;
22497;;34;Tops;Knits;861;0;5;1;
22957;;28;Tops;Knits;861;0;3;1;
23463;;33;Tops;Knits;861;0;5;1;
368;;42;Tops;Knits;862;0;5;1;
1225;;35;Tops;Knits;862;0;5;1;
1640;;52;Tops;Knits;862;0;5;1;
1955;;42;Tops;Knits;862;0;5;1;
4069;;63;Tops;Knits;862;0;3;0;
5257;;35;Tops;Knits;862;0;4;1;
5660;;28;Tops;Knits;862;0;5;1;
6818;;35;Tops;Knits;862;0;4;1;
7006;;37;Tops;Knits;862;0;5;1;
8571;;45;Tops;Knits;862;0;5;1;
9089;;32;Tops;Knits;862;0;5;1;
9656;;51;Tops;Knits;862;0;5;1;
11117;;48;Tops;Knits;862;0;5;1;
12674;;49;Tops;Knits;862;0;4;1;
13443;;35;Tops;Knits;862;0;5;1;
13902;;39;Tops;Knits;862;0;3;1;
14109;;30;Tops;Knits;862;0;5;1;
15088;;48;Tops;Knits;862;0;5;1;
16573;;38;Tops;Knits;862;0;5;1;
16890;;44;Tops;Knits;862;0;4;1;
17835;;30;Tops;Knits;862;0;5;1;
18789;;62;Tops;Knits;862;0;5;1;
18861;;60;Tops;Knits;862;0;3;0;
20437;;61;Tops;Knits;862;0;4;1;
22144;;40;Tops;Knits;862;0;5;1;
22438;;37;Tops;Knits;862;0;1;0;
22865;;33;Tops;Knits;862;0;4;1;
23048;;38;Tops;Knits;862;0;5;1;
131;;54;Tops;Knits;863;0;5;1;
790;;68;Tops;Knits;863;0;5;1;
1862;;38;Tops;Knits;863;0;5;1;
2154;;39;Tops;Knits;863;0;5;1;
3725;;59;Tops;Knits;863;0;5;1;
11043;;52;Tops;Knits;863;0;5;1;
14654;;51;Tops;Knits;863;0;5;1;
16634;;53;Tops;Knits;863;0;4;1;
17574;;57;Tops;Knits;863;0;1;0;
18716;;24;Tops;Knits;863;0;4;1;
19556;;36;Tops;Knits;863;0;5;1;
19794;;34;Tops;Knits;863;0;4;1;
20955;;45;Tops;Knits;863;0;5;1;
21855;;57;Tops;Knits;863;0;4;1;
22055;;39;Tops;Knits;863;0;5;1;
1515;;37;Tops;Knits;864;0;5;1;
2773;;34;Tops;Knits;864;0;5;1;
10045;;39;Tops;Knits;864;0;5;1;
20607;;53;Tops;Knits;864;0;5;1;
373;;52;Tops;Knits;865;0;5;1;
5172;;42;Tops;Knits;865;0;4;1;
10865;;46;Tops;Knits;865;0;5;1;
11380;;40;Tops;Knits;865;0;5;1;
13788;;57;Tops;Knits;865;0;5;1;
19440;;30;Tops;Knits;865;0;2;0;
21534;;26;Tops;Knits;865;0;5;1;
4415;;48;Tops;Knits;866;0;5;1;
8806;;21;Tops;Knits;866;0;4;1;
11062;;47;Tops;Knits;866;0;4;1;
16097;;33;Tops;Knits;866;0;4;1;
17804;;36;Tops;Knits;866;0;5;1;
18450;;30;Tops;Knits;866;0;4;1;
21893;;40;Tops;Knits;866;0;5;1;
1268;;38;Tops;Knits;867;0;3;0;
2002;;44;Tops;Knits;867;0;5;1;
3694;;37;Tops;Knits;867;0;4;1;
5099;;36;Tops;Knits;867;0;5;1;
5864;;53;Tops;Knits;867;0;5;0;
6118;;25;Tops;Knits;867;0;4;1;
7170;;41;Tops;Knits;867;0;5;1;
9400;;34;Tops;Knits;867;0;5;1;
9883;;71;Tops;Knits;867;0;4;1;
12080;;39;Tops;Knits;867;0;5;1;
12851;;43;Tops;Knits;867;0;5;1;
19313;;47;Tops;Knits;867;0;5;1;
19665;;25;Tops;Knits;867;0;4;1;
20367;;34;Tops;Knits;867;0;5;1;
20752;;39;Tops;Knits;867;0;4;1;
21410;;50;Tops;Knits;867;0;5;1;
21803;;37;Tops;Knits;867;0;4;1;
23086;;64;Tops;Knits;867;0;5;1;
424;;67;Tops;Knits;868;0;5;1;
1867;;35;Tops;Knits;868;0;5;1;
2896;;34;Tops;Knits;868;0;3;1;
3064;;40;Tops;Knits;868;0;5;1;
4570;;61;Tops;Knits;868;0;5;1;
7902;;40;Tops;Knits;868;0;4;1;
11257;;42;Tops;Knits;868;0;5;1;
11858;;36;Tops;Knits;868;0;3;1;
12491;;70;Tops;Knits;868;0;5;1;
12539;;30;Tops;Knits;868;0;5;1;
13039;;41;Tops;Knits;868;0;4;1;
13693;;35;Tops;Knits;868;0;4;1;
14796;;44;Tops;Knits;868;0;5;1;
17825;;52;Tops;Knits;868;0;4;1;
19102;;60;Tops;Knits;868;0;4;1;
19634;;61;Tops;Knits;868;0;5;1;
7410;;32;Tops;Knits;869;0;5;1;
14593;;35;Tops;Knits;869;0;5;1;
16943;;42;Tops;Knits;869;0;5;1;
20200;;36;Tops;Knits;869;0;5;1;
8437;;51;Tops;Knits;870;0;5;1;
18577;;30;Tops;Knits;870;0;5;1;
1499;;49;Tops;Knits;871;0;5;1;
5413;;34;Tops;Knits;871;0;4;1;
8640;;70;Tops;Knits;871;0;2;0;
22522;;50;Tops;Knits;871;0;2;0;
2285;;47;Tops;Knits;872;0;5;1;
2460;;36;Tops;Knits;872;0;5;1;
3847;;65;Tops;Knits;872;0;5;1;
4166;;41;Tops;Knits;872;0;4;1;
5754;;52;Tops;Knits;872;0;4;1;
6858;;45;Tops;Knits;872;0;5;1;
6882;;28;Tops;Knits;872;0;5;1;
8105;;67;Tops;Knits;872;0;4;1;
8347;;26;Tops;Knits;872;0;3;0;
8528;;45;Tops;Knits;872;0;5;1;
11010;;37;Tops;Knits;872;0;5;1;
12283;;42;Tops;Knits;872;0;5;1;
12635;;47;Tops;Knits;872;0;5;1;
13959;;27;Tops;Knits;872;0;5;1;
16420;;23;Tops;Knits;872;0;5;1;
17476;;68;Tops;Knits;872;0;5;1;
19328;;36;Tops;Knits;872;0;5;1;
19384;;42;Tops;Knits;872;0;4;1;
19493;;29;Tops;Knits;872;0;5;1;
20285;;28;Tops;Knits;872;0;4;1;
21028;;63;Tops;Knits;872;0;5;1;
21158;;37;Tops;Knits;872;0;4;1;
22175;;52;Tops;Knits;872;0;5;1;
22890;;26;Tops;Knits;872;0;4;1;
23018;;46;Tops;Knits;872;0;4;1;
23139;;40;Tops;Knits;872;0;5;1;
1137;;55;Tops;Knits;873;0;5;1;
1373;;35;Tops;Knits;873;0;3;1;
1544;;54;Tops;Knits;873;0;5;1;
2007;;21;Tops;Knits;873;0;5;1;
4765;;41;Tops;Knits;873;0;4;1;
6705;;33;Tops;Knits;873;0;5;1;
8393;;31;Tops;Knits;873;0;5;1;
13146;;24;Tops;Knits;873;0;1;0;
13337;;47;Tops;Knits;873;0;5;1;
14181;;39;Tops;Knits;873;0;5;1;
17207;;46;Tops;Knits;873;0;5;1;
17217;;47;Tops;Knits;873;0;4;1;
17899;;36;Tops;Knits;873;0;5;1;
19653;;49;Tops;Knits;873;0;5;1;
20604;;52;Tops;Knits;873;0;5;1;
4925;;28;Tops;Knits;876;0;5;1;
9334;;34;Tops;Knits;876;0;5;1;
10038;;37;Tops;Knits;876;0;5;1;
10631;;27;Tops;Knits;876;0;2;0;
16818;;33;Tops;Knits;876;0;4;1;
17605;;27;Tops;Knits;877;0;5;1;
22448;;45;Tops;Knits;877;0;5;1;
3436;;34;Tops;Knits;878;0;5;1;
8845;;63;Tops;Knits;878;0;4;1;
2430;;39;Tops;Knits;879;0;3;0;
17713;;25;Tops;Knits;879;0;4;1;
18046;;36;Tops;Knits;879;0;5;1;
2057;;37;Tops;Knits;880;0;5;1;
16249;;38;Tops;Knits;880;0;4;1;
5182;;41;Tops;Knits;881;0;5;1;
5728;;60;Tops;Knits;881;0;5;1;
12901;;62;Tops;Knits;882;0;5;1;
1741;;40;Tops;Knits;883;0;4;1;
2110;;32;Tops;Knits;883;0;4;1;
4914;;36;Tops;Knits;883;0;4;1;
11212;;45;Tops;Knits;883;0;4;1;
13394;;32;Tops;Knits;883;0;5;1;
2228;;45;Tops;Knits;886;0;5;1;
6868;;58;Tops;Knits;886;0;5;1;
7704;;55;Tops;Knits;886;0;5;1;
11689;;33;Tops;Knits;886;0;5;1;
14346;;31;Tops;Knits;886;0;5;1;
17390;;47;Tops;Knits;886;0;5;1;
14202;;46;Tops;Knits;888;0;3;0;
13734;;43;Tops;Fine gauge;890;0;5;1;
302;;36;Tops;Fine gauge;895;0;5;1;
584;;36;Tops;Fine gauge;895;0;5;1;
1814;;44;Tops;Fine gauge;895;0;5;1;
2136;;46;Tops;Fine gauge;895;0;5;1;
2691;;34;Tops;Fine gauge;895;0;5;1;
3787;;36;Tops;Fine gauge;895;0;5;1;
4833;;56;Tops;Fine gauge;895;0;5;1;
5812;;24;Tops;Fine gauge;895;0;5;1;
6211;;35;Tops;Fine gauge;895;0;2;0;
7428;;39;Tops;Fine gauge;895;0;5;1;
10540;;38;Tops;Fine gauge;895;0;5;1;
11170;;72;Tops;Fine gauge;895;0;5;1;
11716;;48;Tops;Fine gauge;895;0;5;1;
13373;;34;Tops;Fine gauge;895;0;5;1;
14193;;31;Tops;Fine gauge;895;0;5;1;
14506;;46;Tops;Fine gauge;895;0;5;1;
17433;;42;Tops;Fine gauge;895;0;5;1;
17438;;53;Tops;Fine gauge;895;0;5;1;
21647;;47;Tops;Fine gauge;895;0;5;1;
21812;;39;Tops;Fine gauge;895;0;5;1;
18891;;48;Tops;Fine gauge;898;0;5;1;
22048;;22;Tops;Fine gauge;898;0;5;1;
573;;33;Tops;Fine gauge;899;0;5;1;
2647;;36;Tops;Fine gauge;902;0;5;1;
11264;;62;Tops;Fine gauge;902;0;5;1;
8249;;28;Tops;Fine gauge;903;0;5;1;
15979;;20;Tops;Fine gauge;903;0;5;1;
20620;;35;Tops;Fine gauge;903;0;5;1;
11141;;37;Tops;Fine gauge;906;0;5;1;
14220;;41;Tops;Fine gauge;906;0;5;1;
21775;;39;Tops;Fine gauge;906;0;4;1;
1896;;67;Tops;Fine gauge;907;0;5;1;
2789;;64;Tops;Fine gauge;907;0;5;1;
17717;;45;Tops;Fine gauge;907;0;5;1;
20981;;49;Tops;Fine gauge;907;0;3;0;
21072;;39;Tops;Fine gauge;907;0;5;1;
12370;;30;Tops;Fine gauge;909;0;5;1;
21221;;32;Tops;Fine gauge;912;0;5;1;
22888;;49;Tops;Fine gauge;912;0;5;1;
8871;;37;Tops;Fine gauge;916;0;5;1;
19330;;27;Tops;Sweaters;921;0;5;1;
4580;;48;Tops;Sweaters;927;0;5;1;
9625;;46;Tops;Sweaters;927;0;4;1;
9965;;39;Tops;Sweaters;927;0;4;1;
12884;;40;Tops;Sweaters;927;0;5;1;
13052;;60;Tops;Sweaters;927;0;5;1;
16383;;44;Tops;Sweaters;927;0;1;0;
18485;;37;Tops;Sweaters;927;0;2;0;
19432;;35;Tops;Sweaters;929;0;5;1;
15766;;43;Tops;Sweaters;933;0;5;1;
577;;28;Tops;Sweaters;936;0;4;1;
3487;;37;Tops;Sweaters;936;0;4;1;
7515;;31;Tops;Sweaters;936;0;5;1;
8931;;53;Tops;Sweaters;936;0;5;1;
15958;;34;Tops;Sweaters;936;0;5;1;
16176;;57;Tops;Sweaters;936;0;5;1;
18642;;49;Tops;Sweaters;936;0;5;1;
21960;;44;Tops;Sweaters;936;0;5;1;
22603;;37;Tops;Sweaters;936;0;5;1;
22677;;61;Tops;Sweaters;936;0;5;1;
3909;;43;Tops;Sweaters;937;0;5;1;
12196;;32;Tops;Sweaters;937;0;3;1;
17338;;37;Tops;Sweaters;937;0;5;1;
22022;;48;Tops;Sweaters;937;0;5;1;
2064;;43;Tops;Sweaters;939;0;5;1;
2165;;42;Tops;Sweaters;939;0;5;1;
12435;;36;Tops;Sweaters;939;0;5;1;
935;;36;Tops;Sweaters;940;0;5;1;
11511;;46;Tops;Sweaters;940;0;5;1;
13121;;40;Tops;Sweaters;940;0;5;1;
23259;;53;Tops;Sweaters;940;0;5;1;
19990;;35;Tops;Sweaters;941;0;4;1;
21574;;45;Tops;Sweaters;941;0;5;1;
14845;;49;Tops;Sweaters;942;0;5;1;
10032;;75;Tops;Sweaters;943;0;3;0;
14134;;32;Tops;Sweaters;944;0;5;1;
3689;;48;Tops;Sweaters;945;0;2;0;
10417;;31;Tops;Sweaters;945;0;4;1;
11768;;26;Tops;Sweaters;945;0;5;1;
17551;;32;Tops;Sweaters;945;0;4;1;
22682;;35;Tops;Sweaters;945;0;5;1;
17296;;52;Tops;Sweaters;947;0;5;1;
19803;;43;Tops;Sweaters;949;0;2;0;
22746;;35;Tops;Sweaters;949;0;5;1;
20320;;38;Tops;Sweaters;950;0;4;1;
7299;;39;Tops;Sweaters;954;0;5;1;
10061;;25;Tops;Sweaters;954;0;5;1;
6150;;21;Jackets;Jackets;961;0;5;1;
4910;;30;Jackets;Jackets;964;0;5;1;
7568;;53;Jackets;Jackets;964;0;3;0;
15031;;32;Jackets;Jackets;964;0;1;0;
22414;;25;Jackets;Jackets;964;0;5;1;
19166;;37;Jackets;Jackets;966;0;5;1;
11608;;32;Jackets;Jackets;967;0;5;1;
4072;;28;Jackets;Jackets;974;0;5;1;
3912;;53;Jackets;Jackets;975;0;4;1;
11656;;22;Jackets;Jackets;975;0;5;1;
13056;;35;Jackets;Jackets;975;0;5;1;
2903;;31;Jackets;Jackets;984;0;5;1;
11566;;43;Jackets;Jackets;984;0;4;1;
12179;;34;Jackets;Jackets;984;0;4;1;
13694;;48;Jackets;Jackets;984;0;4;1;
15172;;33;Jackets;Jackets;984;0;5;1;
16607;;53;Jackets;Jackets;984;0;5;1;
22345;;28;Jackets;Jackets;984;0;5;1;
23032;;21;Jackets;Jackets;984;0;5;1;
23370;;56;Jackets;Jackets;984;0;5;1;
21612;;39;Jackets;Jackets;986;0;5;1;
16433;;41;Bottoms;Skirts;992;0;4;1;
17877;;50;Bottoms;Skirts;992;0;5;1;
4834;;32;Bottoms;Skirts;993;0;4;1;
8559;;35;Bottoms;Skirts;993;0;5;1;
19829;;34;Bottoms;Skirts;993;0;4;1;
20260;;49;Bottoms;Skirts;993;0;5;1;
21509;;35;Bottoms;Skirts;993;0;3;0;
2677;;35;Bottoms;Skirts;994;0;5;1;
8912;;57;Bottoms;Skirts;994;0;5;1;
13032;;35;Bottoms;Skirts;995;0;3;0;
13542;;48;Bottoms;Skirts;995;0;5;1;
2639;;32;Bottoms;Skirts;996;0;5;1;
18743;;31;Bottoms;Skirts;996;0;5;1;
20519;;52;Bottoms;Skirts;996;0;5;1;
13826;;52;Bottoms;Skirts;997;0;4;1;
3949;;43;Bottoms;Skirts;999;0;4;1;
6093;;33;Bottoms;Skirts;999;0;5;1;
524;;34;Bottoms;Skirts;1001;0;4;1;
4392;;22;Bottoms;Skirts;1001;0;5;1;
10779;;33;Bottoms;Skirts;1001;0;5;1;
23094;;32;Bottoms;Skirts;1001;0;5;1;
3692;;91;Bottoms;Skirts;1002;0;5;1;
930;;32;Bottoms;Skirts;1004;0;5;1;
6528;;41;Bottoms;Skirts;1004;0;5;1;
16612;;50;Bottoms;Skirts;1004;0;5;1;
13484;;56;Bottoms;Skirts;1007;0;5;1;
826;;53;Bottoms;Skirts;1008;0;3;1;
2680;;39;Bottoms;Skirts;1008;0;3;0;
4577;;35;Bottoms;Skirts;1008;0;5;1;
10303;;31;Bottoms;Skirts;1008;0;5;1;
16302;;28;Bottoms;Skirts;1008;0;5;1;
16978;;24;Bottoms;Skirts;1008;0;5;1;
4161;;52;Bottoms;Skirts;1009;0;5;1;
4688;;28;Bottoms;Skirts;1009;0;4;1;
5068;;56;Bottoms;Skirts;1009;0;5;1;
10000;;27;Bottoms;Skirts;1009;0;5;1;
12415;;45;Bottoms;Skirts;1009;0;5;1;
13500;;32;Bottoms;Skirts;1009;0;5;1;
3833;;31;Bottoms;Skirts;1011;0;4;1;
6243;;40;Bottoms;Skirts;1015;0;5;1;
8143;;52;Bottoms;Skirts;1015;0;5;1;
21001;;30;Bottoms;Skirts;1020;0;4;1;
536;;34;Bottoms;Jeans;1022;0;5;1;
2455;;41;Bottoms;Jeans;1022;0;5;1;
3782;;57;Bottoms;Jeans;1022;0;5;1;
8687;;37;Bottoms;Jeans;1022;0;5;1;
10546;;40;Bottoms;Jeans;1022;0;5;1;
14057;;35;Bottoms;Jeans;1022;0;4;1;
15104;;38;Bottoms;Jeans;1022;0;4;1;
20238;;31;Bottoms;Jeans;1022;0;5;1;
20391;;49;Bottoms;Jeans;1022;0;5;1;
21162;;33;Bottoms;Jeans;1022;0;5;1;
8281;;36;Bottoms;Jeans;1024;0;5;1;
15299;;52;Bottoms;Jeans;1024;0;5;1;
15426;;29;Bottoms;Jeans;1024;0;3;1;
19810;;39;Bottoms;Jeans;1024;0;5;1;
259;;38;Bottoms;Jeans;1025;0;5;1;
2864;;48;Bottoms;Jeans;1025;0;5;1;
3555;;49;Bottoms;Jeans;1025;0;5;1;
16935;;44;Bottoms;Jeans;1025;0;5;1;
19004;;41;Bottoms;Jeans;1025;0;5;1;
20507;;24;Bottoms;Jeans;1025;0;5;1;
18491;;47;Bottoms;Jeans;1026;0;5;1;
3047;;24;Bottoms;Jeans;1028;0;5;1;
14469;;48;Bottoms;Jeans;1028;0;5;1;
7728;;35;Bottoms;Jeans;1029;0;5;1;
11319;;28;Bottoms;Jeans;1030;0;5;1;
17813;;53;Bottoms;Jeans;1030;0;5;1;
22335;;47;Bottoms;Jeans;1030;0;3;1;
97;;53;Bottoms;Jeans;1033;0;5;1;
3419;;50;Bottoms;Jeans;1033;0;5;1;
9744;;55;Bottoms;Jeans;1033;0;5;1;
13978;;37;Bottoms;Jeans;1033;0;3;0;
14053;;56;Bottoms;Jeans;1033;0;5;1;
14470;;71;Bottoms;Jeans;1033;0;5;1;
17787;;40;Bottoms;Jeans;1033;0;5;1;
18616;;40;Bottoms;Jeans;1033;0;5;1;
10328;;36;Bottoms;Jeans;1035;0;5;1;
14365;;52;Bottoms;Jeans;1035;0;5;1;
14813;;38;Bottoms;Jeans;1035;0;4;1;
87;;38;Bottoms;Jeans;1037;0;3;0;
173;;42;Bottoms;Jeans;1037;0;5;1;
4322;;41;Bottoms;Jeans;1037;0;3;0;
4014;;41;Bottoms;Jeans;1038;0;5;1;
10132;;42;Bottoms;Jeans;1038;0;5;1;
6001;;32;Bottoms;Pants;1042;0;3;0;
11073;;34;Bottoms;Pants;1042;0;5;1;
8133;;35;Bottoms;Pants;1047;0;5;1;
3124;;36;Bottoms;Pants;1049;0;5;1;
20306;;41;Bottoms;Pants;1050;0;4;1;
20915;;44;Bottoms;Pants;1052;0;5;1;
5183;;49;Bottoms;Pants;1053;0;5;1;
6317;;29;Bottoms;Pants;1053;0;3;0;
10757;;44;Bottoms;Pants;1053;0;5;1;
12621;;35;Bottoms;Pants;1053;0;4;1;
209;;29;Bottoms;Pants;1054;0;1;0;
8395;;40;Bottoms;Pants;1054;0;3;0;
19596;;47;Bottoms;Pants;1054;0;5;1;
20787;;33;Bottoms;Pants;1054;0;4;0;
3941;;29;Bottoms;Pants;1055;0;5;1;
1583;;55;Bottoms;Pants;1056;0;5;1;
4575;;45;Bottoms;Pants;1056;0;5;1;
5926;;56;Bottoms;Pants;1056;0;5;1;
10767;;37;Bottoms;Pants;1056;0;2;0;
13072;;59;Bottoms;Pants;1056;0;5;1;
14384;;28;Bottoms;Pants;1056;0;5;1;
20461;;40;Bottoms;Pants;1056;0;5;1;
2961;;25;Bottoms;Pants;1059;0;4;1;
5624;;32;Bottoms;Pants;1059;0;4;1;
5720;;37;Bottoms;Pants;1059;0;5;1;
5804;;53;Bottoms;Pants;1059;0;5;1;
7834;;34;Bottoms;Pants;1059;0;4;1;
8407;;28;Bottoms;Pants;1059;0;5;1;
18851;;46;Bottoms;Pants;1059;0;5;1;
2409;;70;Bottoms;Pants;1060;0;5;1;
18352;;53;Bottoms;Pants;1060;0;5;1;
5282;;32;Bottoms;Pants;1067;0;5;1;
2739;;38;Bottoms;Pants;1068;0;5;1;
6704;;30;Bottoms;Pants;1068;0;4;1;
11002;;37;Bottoms;Pants;1068;0;4;1;
12322;;35;Bottoms;Pants;1068;0;5;1;
21031;;24;Bottoms;Pants;1070;0;4;1;
4610;;52;Dresses;Dresses;1072;0;5;1;
7593;;53;Dresses;Dresses;1072;0;4;1;
9756;;34;Dresses;Dresses;1072;0;1;0;
16699;;40;Dresses;Dresses;1072;0;5;1;
18442;;68;Dresses;Dresses;1072;0;2;0;
22759;;46;Dresses;Dresses;1072;0;5;1;
7629;;39;Dresses;Dresses;1074;0;5;1;
4276;;34;Dresses;Dresses;1077;0;4;1;
4605;;40;Dresses;Dresses;1077;0;5;1;
5154;;47;Dresses;Dresses;1077;0;3;0;
6478;;37;Dresses;Dresses;1077;0;5;1;
7700;;35;Dresses;Dresses;1077;0;5;1;
11346;;33;Dresses;Dresses;1077;0;5;1;
13579;;31;Dresses;Dresses;1077;0;5;1;
16579;;30;Dresses;Dresses;1077;0;5;1;
21118;;28;Dresses;Dresses;1077;0;5;1;
22120;;39;Dresses;Dresses;1077;0;5;1;
69;;43;Dresses;Dresses;1078;0;5;1;
203;;35;Dresses;Dresses;1078;0;4;1;
1172;;22;Dresses;Dresses;1078;0;5;1;
2161;;35;Dresses;Dresses;1078;0;5;1;
2606;;44;Dresses;Dresses;1078;0;5;1;
2893;;24;Dresses;Dresses;1078;0;5;1;
4532;;42;Dresses;Dresses;1078;0;5;1;
5350;;45;Dresses;Dresses;1078;0;5;1;
5992;;36;Dresses;Dresses;1078;0;5;1;
6236;;41;Dresses;Dresses;1078;0;4;0;
6894;;37;Dresses;Dresses;1078;0;5;1;
7131;;49;Dresses;Dresses;1078;0;5;1;
7632;;29;Dresses;Dresses;1078;0;5;1;
9135;;35;Dresses;Dresses;1078;0;5;1;
9667;;39;Dresses;Dresses;1078;0;5;1;
9903;;28;Dresses;Dresses;1078;0;5;1;
10094;;30;Dresses;Dresses;1078;0;4;1;
10937;;69;Dresses;Dresses;1078;0;5;1;
11585;;40;Dresses;Dresses;1078;0;5;1;
11935;;42;Dresses;Dresses;1078;0;5;1;
11999;;30;Dresses;Dresses;1078;0;4;1;
12200;;32;Dresses;Dresses;1078;0;5;1;
12208;;43;Dresses;Dresses;1078;0;5;1;
12341;;34;Dresses;Dresses;1078;0;4;0;
13589;;32;Dresses;Dresses;1078;0;4;1;
14351;;38;Dresses;Dresses;1078;0;5;1;
14658;;65;Dresses;Dresses;1078;0;5;1;
15654;;48;Dresses;Dresses;1078;0;5;1;
17357;;35;Dresses;Dresses;1078;0;5;1;
17382;;53;Dresses;Dresses;1078;0;1;0;
20627;;57;Dresses;Dresses;1078;0;4;1;
20818;;45;Dresses;Dresses;1078;0;5;1;
21113;;35;Dresses;Dresses;1078;0;5;1;
21368;;20;Dresses;Dresses;1078;0;5;1;
22576;;41;Dresses;Dresses;1078;0;3;1;
22974;;22;Dresses;Dresses;1078;0;4;1;
23080;;39;Dresses;Dresses;1078;0;4;1;
250;;49;Dresses;Dresses;1079;0;3;0;
5952;;41;Dresses;Dresses;1079;0;5;1;
7241;;39;Dresses;Dresses;1079;0;5;1;
18379;;35;Dresses;Dresses;1079;0;5;1;
6979;;28;Dresses;Dresses;1080;0;5;1;
8706;;32;Dresses;Dresses;1080;0;5;1;
10110;;36;Dresses;Dresses;1080;0;5;1;
10360;;40;Dresses;Dresses;1080;0;5;1;
15151;;29;Dresses;Dresses;1080;0;5;1;
16239;;60;Dresses;Dresses;1080;0;5;1;
17491;;32;Dresses;Dresses;1080;0;5;1;
20935;;50;Dresses;Dresses;1080;0;5;1;
22807;;40;Dresses;Dresses;1080;0;3;1;
102;;52;Dresses;Dresses;1081;0;5;1;
3159;;39;Dresses;Dresses;1081;0;3;0;
5214;;35;Dresses;Dresses;1081;0;5;1;
7100;;48;Dresses;Dresses;1081;0;4;1;
7191;;48;Dresses;Dresses;1081;0;5;1;
7525;;66;Dresses;Dresses;1081;0;5;1;
9473;;44;Dresses;Dresses;1081;0;5;1;
11382;;48;Dresses;Dresses;1081;0;5;1;
12093;;27;Dresses;Dresses;1081;0;5;1;
12685;;35;Dresses;Dresses;1081;0;5;1;
13092;;43;Dresses;Dresses;1081;0;5;1;
14189;;61;Dresses;Dresses;1081;0;5;1;
14673;;25;Dresses;Dresses;1081;0;4;1;
14707;;45;Dresses;Dresses;1081;0;5;1;
16507;;32;Dresses;Dresses;1081;0;5;1;
16803;;38;Dresses;Dresses;1081;0;5;1;
17201;;36;Dresses;Dresses;1081;0;5;1;
19007;;65;Dresses;Dresses;1081;0;3;1;
21041;;31;Dresses;Dresses;1081;0;5;1;
21502;;40;Dresses;Dresses;1081;0;5;1;
21648;;38;Dresses;Dresses;1081;0;5;1;
817;;35;Dresses;Dresses;1082;0;5;1;
3266;;32;Dresses;Dresses;1082;0;4;1;
5339;;30;Dresses;Dresses;1082;0;5;1;
9750;;43;Dresses;Dresses;1082;0;5;1;
13159;;36;Dresses;Dresses;1082;0;1;0;
1357;;39;Dresses;Dresses;1083;0;5;1;
2182;;40;Dresses;Dresses;1083;0;4;1;
11928;;35;Dresses;Dresses;1083;0;5;1;
22567;;50;Dresses;Dresses;1083;0;5;1;
23270;;34;Dresses;Dresses;1083;0;4;1;
16346;;44;Dresses;Dresses;1085;0;5;1;
145;;26;Dresses;Dresses;1086;0;4;1;
9630;;36;Dresses;Dresses;1086;0;5;1;
11361;;53;Dresses;Dresses;1086;0;5;1;
12802;;33;Dresses;Dresses;1086;0;5;1;
13404;;63;Dresses;Dresses;1086;0;5;1;
14750;;52;Dresses;Dresses;1086;0;5;1;
17424;;39;Dresses;Dresses;1086;0;5;1;
20993;;35;Dresses;Dresses;1086;0;5;1;
6715;;32;Dresses;Dresses;1087;0;5;1;
13058;;42;Dresses;Dresses;1087;0;3;1;
14290;;38;Dresses;Dresses;1087;0;5;1;
15206;;55;Dresses;Dresses;1087;0;4;1;
16486;;46;Dresses;Dresses;1087;0;5;1;
16781;;59;Dresses;Dresses;1089;0;5;1;
20644;;43;Dresses;Dresses;1089;0;5;1;
16648;;33;Dresses;Dresses;1092;0;5;1;
9093;;43;Dresses;Dresses;1093;0;1;0;
509;;40;Dresses;Dresses;1094;0;4;1;
780;;35;Dresses;Dresses;1094;0;2;0;
1886;;33;Dresses;Dresses;1094;0;5;1;
5913;;36;Dresses;Dresses;1094;0;5;1;
6177;;29;Dresses;Dresses;1094;0;5;1;
7237;;47;Dresses;Dresses;1094;0;5;1;
7475;;35;Dresses;Dresses;1094;0;4;1;
7743;;35;Dresses;Dresses;1094;0;5;1;
8259;;62;Dresses;Dresses;1094;0;4;1;
9367;;36;Dresses;Dresses;1094;0;5;1;
9374;;41;Dresses;Dresses;1094;0;4;1;
9470;;64;Dresses;Dresses;1094;0;4;1;
10207;;31;Dresses;Dresses;1094;0;5;1;
13700;;30;Dresses;Dresses;1094;0;5;1;
13766;;24;Dresses;Dresses;1094;0;1;0;
14534;;30;Dresses;Dresses;1094;0;5;1;
15113;;39;Dresses;Dresses;1094;0;5;1;
16739;;55;Dresses;Dresses;1094;0;4;0;
17274;;39;Dresses;Dresses;1094;0;5;1;
17368;;26;Dresses;Dresses;1094;0;5;1;
17471;;42;Dresses;Dresses;1094;0;4;1;
8961;;34;Dresses;Dresses;1095;0;5;1;
10845;;35;Dresses;Dresses;1095;0;5;1;
12293;;33;Dresses;Dresses;1095;0;5;1;
13969;;55;Dresses;Dresses;1095;0;5;1;
347;;30;Dresses;Dresses;1096;0;5;1;
20518;;35;Dresses;Dresses;1096;0;5;1;
4248;;35;Dresses;Dresses;1098;0;5;1;
7002;;42;Dresses;Dresses;1098;0;5;1;
16221;;38;Dresses;Dresses;1098;0;5;1;
16359;;34;Dresses;Dresses;1098;0;5;1;
3006;;33;Dresses;Dresses;1099;0;5;1;
4768;;47;Dresses;Dresses;1099;0;5;0;
18006;;41;Dresses;Dresses;1099;0;4;1;
6917;;46;Dresses;Dresses;1100;0;5;1;
9981;;43;Dresses;Dresses;1103;0;5;1;
20596;;31;Dresses;Dresses;1103;0;5;1;
2458;;39;Dresses;Dresses;1104;0;1;0;
2695;;35;Dresses;Dresses;1104;0;5;1;
8529;;39;Dresses;Dresses;1104;0;5;1;
8569;;39;Dresses;Dresses;1104;0;5;1;
9167;;39;Dresses;Dresses;1104;0;5;1;
12395;;56;Dresses;Dresses;1104;0;5;1;
16903;;32;Dresses;Dresses;1104;0;5;1;
22054;;36;Dresses;Dresses;1104;0;5;1;
22933;;49;Dresses;Dresses;1104;0;5;1;
6268;;32;Dresses;Dresses;1107;0;5;1;
2183;;51;Dresses;Dresses;1110;0;5;1;
4411;;59;Dresses;Dresses;1110;0;5;1;
6400;;38;Dresses;Dresses;1110;0;5;1;
7549;;47;Dresses;Dresses;1110;0;5;1;
9196;;38;Dresses;Dresses;1110;0;5;1;
14747;;27;Dresses;Dresses;1110;0;4;1;
15933;;44;Dresses;Dresses;1110;0;5;1;
16395;;34;Dresses;Dresses;1110;0;4;1;
18988;;36;Dresses;Dresses;1110;0;5;1;
3932;;42;Jackets;Outerwear;1117;0;4;1;
5553;;42;Jackets;Outerwear;1118;0;5;1;
14663;;34;Jackets;Outerwear;1123;0;4;1;
21146;;54;Jackets;Outerwear;1125;0;5;1;
5158;;31;Jackets;Outerwear;1126;0;5;1;
12927;;35;Jackets;Outerwear;1126;0;5;1;
20501;;36;Jackets;Outerwear;1126;0;5;1;
1232;;50;Jackets;Outerwear;1133;0;5;1;
17431;;53;Trend;Trend;1135;0;1;0;
12115;;32;Intimate;Layering;1164;0;5;1;
13726;;41;Tops;Knits;1181;0;5;1;
847;;38;Dresses;Dresses;1201;0;3;1;
10962;;35;Dresses;Dresses;1201;0;5;1;
1222;;43;Intimate;Layering;1203;0;5;1;
13737;;34;Intimate;Layering;1203;0;4;1;
17499;;30;Intimate;Layering;1203;0;5;1;
22174;;37;Intimate;Layering;1203;0;5;1;