s.no;Random;age;department_name;class_name;clothing_id;alike_feedback_count;rating;recommend_index ;review_text
14116;0,0105140700371595;30;Bottoms;Jeans;1038;0;4;1;Overall, very nice pair of boyfriend style jeans. super comfy. i asked one of the in store stylist for help styling them- she was very helpful and showed me lots of possibilities for these pants. also good for a post-partum tummy :)
399;0,0105970628875857;50;Tops;Knits;867;2;5;1;"I ordered this top (black) in both small and medium; i can get usually away with small at retailer but am size medium in all other stores. as soon as i received the package and opened it up, i knew i would keep this top. it has a gorgeous texture to it, a slight sheen, and is well made. it's extremely comfortable as a t-shirt would be, but has more structure and looks very chic. the waist nips in just enough to give the flutter hem a little flare at the hips and is very feminine. i have a long tor"
22813;0,0106000846394755;27;Intimate;Swim;522;0;4;1;These bottoms are very cute but defiantly cheeky! i would recommend sizing up if you want to have more coverage.
4047;0,0106017466660442;41;Tops;Blouses;834;3;5;1;This is such a pretty top.  i love the mix of patterns. the colors are beautiful!  it really looks great on.  the peplum is very minimal in this top.  the entire top itself is somewhat oversized, but in a pretty way.  i bought this in a large and probably could have gone with a medium, but didn't want the length to be any shorter, so i'm sticking with the large.  for reference,  i'm 6ft and 175lbs.  i usually wear a size 10/12 or medium/large.  also, i didn't notice a puckering between the two m
5326;0,0106262697779612;29;Tops;Blouses;829;0;4;1;I ordered this shirt, aware of what the other reviewers said about it being tight in the chest. it's true- it's a bit restrictive if you need full-range of motion for your shoulder blades, but if you're not planning on doing any heavy-lifting or sporting events in this top, it's just fine (disclaimer- i am small-chested). i will stick by my tts, though, because it was the right fit, despite being restrictive. i was worried the top was going to be a 'hard' jean, but it wasn't. it was nice and sof
21092;0,0106263559088566;29;Tops;Knits;872;0;5;1;Super comfortable!! i am 34 weeks pregnant and i works great for me now and i think it will be perfect post baby also!
11885;0,0106457254270743;46;Dresses;Dresses;1081;0;4;1;This dress' style and color is very flattering. i think i will wear it in the spring and fall as well as the winter.the m fits me and i'm 5'8' and 140 pounds.
16290;0,0106791544977448;43;Bottoms;Jeans;1022;1;5;1;"I'm a big ag fan, so i was excited to receive these for my birthday. i really love everything about them, but boy were they long!! even with a 3 inch heeled boot i was stepping on the hem. i'm 5'7"", so i don't often have to get things hemmed, but that was a must with these jeans. i recommend these jeans, but unless you're 6 foot tall, plan on running them to the tailors."
16738;0,0108945957706301;54;Intimate;Swim;79;0;5;1;"I managed to find this huit eden lagoon fixed straps foam bandeau swimsuit in a size 32c and it fits perfectly. my current measurements are 33-25-37 or 38 hips, and i normally wear a 30d or 32c bra.
.
i have a longish torso, yet this doesn't ride up. fits like on the model. there is a thin strip of silicone around the back to keep it from sliding down. the v-shape is held by a hard wire, but it doesn't cut in anywhere. the soft black straps are sewn in and not adjustable but do hold their shap"
7616;0,0109447813065105;56;Bottoms;Skirts;995;7;5;1;I bought this skirt in the blue motif in my usual size large. it is very comfortable, light and it is lined! i wore it with a navy cotton lace meadow rue top from last year, gold gladiator sandals and a long gold retailer necklace.
5536;0,0109908650110506;41;Bottoms;Skirts;995;11;2;0;This skirt is very short. i ordered my usual xs petite and it was so short that the longest part ended above my ankle. that's quite off because i'm only 5 feet tall, and i wore it pretty low on the hips. it also flares out awkwardly below the knee. there are 2 vertical seems and they exacerbate the jagged appearance of the hem. i was drawn to the edgy style shown in the photo but in person it looks like my 5 year old cut up a skirt. plus, the fabric--while thick and beautiful and stretchy--has a
14484;0,0110536666441305;32;Dresses;Dresses;1095;0;5;1;"I tried this dress at a store today and ended up ordering it online. i tried the red which is a beautiful, vibrant color. i wasn't sure how it looked on my skin tone though (pale like death), so i ordered the black. i do believe it runs small in the chest and shoulders. i am normally a size 4 in shirts, but the buttons were straining over my chest and my shoulders felt constricted. i tried the 6 and it was plenty roomy. for reference, i am a 32c with athletic shoulders. overall...

pros:
-an"
16497;0,0110813463921184;32;Tops;Blouses;828;1;3;1;I bought this tank for work, but the color of the print is slightly muted compared to the photo. i usually wear a xxs or xs (i am 100 lbs, 5'1) and i got the xs thinking it will be loose, which i wanted. the arm holes were down to my waist, and it was also unusually wide. the quality of the fabric is nice though, not to heavy and not too thin.
18329;0,0110816377673552;49;Bottoms;Skirts;993;0;5;1;I wanted a casual, denim colored skirt for warmer weather without the denim weight  and this skirt fit my needs perfectly.  i'm 5'4, 117lbs and the xs fits me true to size, hitting about 1 1/2 inches above the knee. it's a more modest length for daytime but it definitely needs a slip underneath. the raw edge is subtle (no hanging threads) and unique. i can't speak to the lack of colorfastness but i washed it separately and will be mindful of the possibility .
1338;0,0110877157996224;32;Bottoms;Jeans;1037;0;4;1;This is my 4th pair of these printed cords and they are beautiful- the color says navy but these are definitely black with a grayish print. very stretchy all over except for the waist band which is a little uncomfortable but it might loosen up some. i wish the rise on these was a little higher. also worth noting is that the design on larger sizes won't look exactly like the picture- my size 33's have the floral scroll print up the front and the back, but also the cut has the scroll print running
13523;0,011201541704941;64;Bottoms;Jeans;1037;1;4;1;These corduroys are comfortable and fit true to size. (i am just over 5 feet tall, 106 lbs, with long legs for my height, and the 25 fits really well.) they wash and dry well, with minimal (if any) shrinkage, as long as you use low temperatures. i gave them 4 stars, instead of 5, because i feel the material could be more substantial than it is. the green is actually a very attractive mossy brown.
13813;0,0112023755995934;73;Bottoms;Pants;1052;2;5;1;"I've never owned a romper before but after trying it on at the store, i fell in love! i'm pear-shaped 5""4 at 185#. i got a med and it fits beautifully with just enough room to not be baggy. i got the red mitif. super flattering."
11369;0,0112921770482566;46;Tops;Fine gauge;904;3;3;0;I really like the idea behind this top, but at least for me, the execution wasn't quite there. i was hoping it would be something i could wear to work, but the sheerness of the sides makes it in appropriate for my workplace (when it gaps/you move, you can see a lot). if you don't move, the front panel is pretty opaque, which is good. i think it would look odd with a cami underneath and i don't feel comfortable with the sheerness, so i returned it. i also thought the finish on the sleeves looked
22723;0,0112951650007187;45;Tops;Knits;860;2;1;0;Saw this on the sale rack and decided to try on. i looked like the dancing hypos in the movie fantasia. i am petite and not heavy but this is for very slim and tall people. too much fabric in the peplum part.
16723;0,0113341384446291;58;Bottoms;Pants;1059;0;5;1;I tried these on in the store and didn't buy them with the other items in my 'yes' pile. i couldn't stop thinking about them and ended up ordering them. they are so cute. the fabric is a nice weight. they have little stretch.
13418;0,0113831243758078;36;Intimate;Lounge;727;1;3;0;I ordered a small and i'm usually always a small. i could not zip it up. i'm am returning it for a large, and this is concerning because what if it is big in a weird way because i'm usually a large?
12353;0,0113975982341777;57;Bottoms;Skirts;997;3;1;0;I wish i had read the reviews prior to purchasing. this skirt looks amazing in photos and lace appears black. the lace on mine is actually purple - at first i thought it was just purple due to lighting with red underneath - but nope - pull the netting away and it is purple. lace netting hikes up on the right due to poor craftsmanship. i ordered a medium and felt it was a bit large. will return.
2684;0,0114090293140459;26;Tops;Knits;867;0;4;1;I purchased this top in the taupe color, and it is much prettier in person than it photographs online. it runs about a half size too large, and sits slightly off the shoulders. fun casual top for the fall.
20591;0,0114427820307751;26;Tops;Blouses;849;1;4;1;This top is very pretty and looks so good with the blue flower skirt. unfortunately it runs very small. it fit my bust but would not go down. i imagine it would look better on a much slender frame, but since it fit my bust i wonder if the armholes are too big or it maybe a bit loose at the top. i like the style and design a lot, very dressy, but the buttons at the top are a bit hard to put on and remove. since this is turtleneck, every time you wear it the buttons have to come on and off. the bu
10253;0,0114927893922529;39;Dresses;Dresses;1084;0;2;0;This looked nothing like the picture on me. was long and very unflattering. belled out greatly at the bottom also. the material was thick which is why i give it three starts for quality. but overall awkward.
21009;0,0115183199028931;26;Dresses;Dresses;1107;1;4;1;This is a beautiful knit dress, however it runs large, so be wary. for reference i am a 34d, 28 inch waist, and 41 inch hips. i ordered a medium because dresses usually run tight around my bum, and it was very, very big. i'm hoping the small is much more flattering because the quality of the knit is very nice.
19721;0,0115903218137403;35;Dresses;Dresses;1088;0;5;1;"I like the edge of this dress and it balances my narrower hips well. i'm usually between 0p and 00p in retailer dresses and xxsp definitely fit better on my 5'1"" frame (armpits and knee-length where it should be)

love that it's machine washable and unusual. super soft and beautiful color even though i normally gravitate to cooler colors.

bring it on everleigh!"
64;0,0115925285651076;34;Tops;Blouses;820;9;5;1;The material this top is made of is extremely comfortable and flattering for my body type.  i normally wear 12/14 and 12 fit great (if you have a d or bigger you may need a bigger size) spillage is possible with wrong size lol.
14061;0,01160895177077;53;Bottoms;Pants;1053;2;3;1;These looked super cute online and i was excited about getting them. i wanted that slightly baggy look to be able to carry them off similar to the model. so i referred to the size chart and ordered the size that said it would allow this. based on the size chart for this item...it is wrong. i should have had extra room. instead they were tight around the hips. i measured my hips before ordering and i am a seamstress....so i know where and what to measure. this is a nice quality product though...j
20642;0,0117329065206717;54;Bottoms;Skirts;1002;2;2;0;I loved this skirt. so flattering and such a beautiful fabric. unfortunately after only 2 wears, the waistband stretched out so much that it was falling off me (literally). i bought the right size and it was not too tight. the waist band material simply lost its stretch very quickly. very disappointing.
13898;0,0117720248413464;36;Jackets;Outerwear;1123;0;5;1;"I love this jacket. i have not worn it yet, as the weather is still very warm, but i am looking forward to wearing this a lot this fall. the cropped cut is very flattering and the vegan leather very soft, i followed the other reviews and ordered one size up and it;s perfect. i am normally a size 4 and went with he medium. the plum color is quite neutral in person. i also love the printed lining. i did notice quite a few long threads around the lining sewing, i hope this is just an overlooked pos"
9592;0,0118055608887001;37;Tops;Knits;875;2;2;0;I really wanted to like this top, but unfortunately it is not as pretty or flattering in person. the yellow looks dirty in real life, not pretty like the picture. it is also a strange fit/shape when it is on. i tried it on in the store and did not like it at all.
519;0,011816092054534;56;Tops;Sweaters;940;8;5;1;This sweater in the yellow caught my eye several times and i finally tried it on! so cute and perfect for transitional weather. threw it over the striped top that was hanging in the changing room. ended up with both!
15302;0,0118775911424564;59;Bottoms;Pants;1070;2;5;1;"I purchased all 4 of the color/pattern offered. all fit beautifully and have washed up great with no shrinkage with line dry. the only pair i had retuned were the blue motif because they were made from a very different material with not near as much stretch and felt much smaller to me and not as comfortable. the pattern was cute and may work just fine with those who have a different build. i felt these were in general true to size. no doubt i will wear these all winter!
thanks antro!!"
23101;0,0119082277795128;40;Dresses;Dresses;1104;0;5;1;This dress is fantastic. super flattering and unique. i get a compliment every time i wear it. i encourage retailer to source more dresses from this brand/designer. lovely. i am picky and nevery give a perfect rating, this dress got all 5 stars.
3475;0,0119172095709449;29;Dresses;Dresses;1092;1;3;0;I love, love, love this absolutely stunning dress. the only problem was that the zipper was very difficult to maneuver, and when it finally went up, the watch it was attached the lining of the dress made a bump in the dress, which was very unflattering on an otherwise very flattering dress. i tried on multiple versions of this dress and had the same design issue with each. i ended up returning it because it bothered me so much.
18624;0,0120902577939494;45;Dresses;Dresses;1081;23;3;0;I was so excited to try this on after having discovered it on the retailer app and stepping into the store and seeing it. on the hanger it looked alright, but once i slipped it on, it's like everything i've got going for me disappeared. granted, i'm s little bottom heavy, so these types of dresses don't typically flatter my body type anyways.
4094;0,0120927447129307;25;Dresses;Dresses;1078;0;5;1;"I am so glad i returned this dress for a size down. i am 5'10"", and 160 lbs (curvy and muscular build), and the medium was surprisingly much too large on me. i returned it for a small, and oh my, it is perfect. i plan on wearing this to two summer weddings this year, and will then wear it for work. it really is a go-anywhere-do-anything sort of dress."
21950;0,0121282746605401;49;Tops;Fine gauge;907;6;4;1;"I'm about 5'9"" and this sweater was too short for me. the arm length was great but the overall length was just too short :-( i'll be returning this one."
13953;0,012140373681421;43;Dresses;Dresses;1110;9;5;1;"I purchased this dress in the berry color. it is beautiful and feminine. the length fit just like in the picture. i love all the detail and ease of this dress. i'm 5'2"" 34d and purchased a size 2. it fits true to size."
19888;0,0121849729208642;64;Dresses;Dresses;1110;3;5;1;I needed a pink dress for a local breast cancer awareness luncheon. this is a perfect fit for the occasion!
79;0,0122237523926063;40;Tops;Knits;867;3;4;1;This is theoretically a great summer top addition to your wardrobe. i love the floral print - it's bold and lively primary colors on a black background. i'm usually a size small in retailer tops and neither the small nor the medium fit me very well. the small was a bit too fitted everywhere and strangely, the medium gapes at the front when i'm sitting but not standing (i'm 34b otherwise height-weight proportionate with broad shoulders). another reviewer mentioned a design flaw - the floral print i
9717;0,0122260559409982;46;Dresses;Dresses;1075;4;5;1;This is a super comfortable and flattering dress and i get compliments every time i wear it! highly recommend!
2641;0,0122791183503645;38;Tops;Knits;867;0;4;1;Love the coral color of this shirt. only wish it was a little longer in the front. falls right to my jeans waistline.
2717;0,0122855123228237;46;Tops;Blouses;831;2;4;0;I want to love this top - it is so pretty, but i find the fit very odd. i think it runs big, but the arm holes seem to be cut really low. i would love to size down, but then i think the sleeves would be off. unfortunately, i will have to return it.
17841;0,0123354367901162;52;Intimate;Lounge;774;1;3;0;I thought i might like the look of this oversized odette dress but after i tried it on i felt it was not a flattering style on me. the color was pretty and fabric was nice - just not a fit for me.
2957;0,0123472977247424;59;Tops;Blouses;823;2;5;1;Beautiful beautiful beautiful! goes great with pilcro stet big rise grey jeans and deep green hei jeans. i wear this on shoulders vs off. so lovely . beautiful rich earth tone colors and live the lace bottom. can dress up with black skirt or black skinnies and heels. highly recommend.
16272;0,0123826287288022;68;Tops;Blouses;835;3;5;1;I bought this top in a large. i washed it in cold water, and it shrank just enough to flatter. the material is great, in that when i washed it, the blouse hanged quite nicely, no ironing needed. also, the material is heavy enough that no tank is needed underneath the top. thakoon had made the same top last summer, and it had cost around $500. this top is even better due to the material, and i could buy it for a fraction of the price. highly recommend!
13618;0,0124083201979351;64;Tops;Blouses;828;3;5;1;Adorable... too chilly now to wear alone & too cute to cover it up! my navy parka or jean jacket will prob be ok w/ it though. size 6 fits me perfectly & looks pretty much on me as in the pic. love plaid & cotton blend tops anyways. ruffles - adorable, & i'm not too big on that but do love this look. when i first removed this top from the packaging it had an odd 'smoky'-like odor, but it's the dye i think. after hanging it for a few days the smell disappeared. i have in mind to wear w/ the pilcr
19267;0,0127864290430097;35;Bottoms;Skirts;1009;6;5;1;"Aside from the beautiful colors what drew me to this skirt is the wide waistband! i love that it can hold in a bit of a tummy and accommodate a belt (or not). when i received this in the mail a few days ago i immediately started pulling articles of clothing out of my closet to go with the skirt - a striped tee, chambray top, belt, denim jacket. the quality is great and it has pockets. i have a 30"" waist and went with my usual size 8. i am 5'5"" and ordered a petite. so it hits a couple inches abo"
8304;0,0127947638793017;40;Bottoms;Pants;1051;0;4;1;Pants were super comfortable. a little too large. and the fabric was a little too heavy. i sent them back, and i'm regretting it now that they're completely unavailable.
20550;0,0128200408583943;39;Bottoms;Skirts;1008;20;5;1;"The skirt material is super comfortable. hte cut is also pretty flattering, i don't hink this picture does the skirt justice. the regualr size was a little long on me, i would order a petite (if like me, you are 5'1.5""#, went xs #at 115 lbs). the skirt is also a bit stretchy, not stiff.

color is way prettier in person, i never looked twice at th skirt online, but in the store, it looked myuch prettier."
19642;0,0128484289247369;56;Dresses;Dresses;1078;0;4;1;Perfect length and colors. i get asked where i got it on the reg, every time i wear it. mostly a casual vibe with flat sandals...
17116;0,0128503197035983;38;Tops;Fine gauge;895;0;5;1;Fit is perfect. body slimming. i'm glad i purchased it.
23022;0,0128930151177219;45;Bottoms;Jeans;1022;0;4;1;Loved the fit of these jeans and the fading but the ripping was too much for me at my age. i normally wear petite but since these are mid rise ankle just ordered in 27 regular. so the ripping was right at my knee and did not like that.
631;0,0128986996329624;40;Dresses;Dresses;1078;1;5;1;"The patters/colors on this dress are much more stunning in person. it is lined and feels very well made. the pockets don't add bulk to the hip area as many times they do, which is great. the fit can be tricky if you have any semblance of curves. if you can, try this one on in a store before buying. for reference: i am 5'7"", have broad shoulders, am pear shaped (i have hips and a good sized rear end), 34b bust, weigh 145 lbs., and generally wear a size 6 or 8 for tops and bottoms. the size 8 fit"
17738;0,0129007459871983;43;Tops;Fine gauge;895;0;5;1;"This is a beautifully made sweater. i bought this sweater in ivory yesterday; i wore it today and received many compliments. i think the sweater is adorable. it?s soft and warm; the neck is perfect, i like that it?s not as restrictive as a turtleneck. the long sleeves add character and help to make it interesting. i highly recommend it?i?m looking for a black one,"
14402;0,0129172769323388;29;Tops;Blouses;835;0;4;1;Very cute top. does require a strapless bra as the straps are further out than most tops, and they also tend to fall down. also, while the top fit well, the top button gaps are far apart and tended to separate to show my chest. easy fix with a snap sewed in.
3308;0,0129192965130461;38;Tops;Knits;854;0;5;1;"This shirt is absolutely beautiful! the front is very thin and delicate, but wearing a nude bra underneath, you can't see a thing. i did need to add a snap between the top two buttons to avoid the chest ""gap"" but the back of the shirt offers enough stretch that it doesn't appear to ""pull"" at all. it's hard to find a button down that fits nicely when your short waisted and large chested. this one is it!!!!"
14766;0,0129440683796217;60;Tops;Blouses;836;4;2;0;"This is the first hd in paris top i haven't loved. high hopes for this top since i love the brand and the color. this was an online only item so i guessed at the size, typically order a 4 petite. ordered the 4 regular since the length was already quite short in the regular length. it was oddly constructed, small in the arms but boxy and oddly bell shaped bottom. the lining was tough to keep straightened while trying to put it
on. too bad, but it went back"
9701;0,0129866929555686;41;Bottoms;Skirts;988;3;4;1;"I opened the package and loved this skirt immediately. i held it up and the waist is tiny. i'm usually a size 6 but sometimes go for a size 8 at retailer (i'm 5'6"" and 126 lbs). i would have needed at least 4 extra inches in the waist band to close the zipper...i wonder if this is a british size 8 or something. this 8 is closer to a 4. really disappointed."
11351;0,0130248721561637;58;Tops;Sweaters;936;0;5;1;Absolutely beautiful. as soon as i saw the color i had to have it. looks great. i am 5 ft 2 in the color is beautiful. excellently made. very comfy. hood is not bulky
19308;0,0130646319848278;31;Dresses;Dresses;1110;0;5;1;It's a casual dress with a luxurious feel. very flowy, but the back panel gives it a bit more structure. i like that it graces my body without showing any lumps. i will very much appreciate it on hot days! i'm anticipating a big of headache when ironing it, but i appreciate that it's not dry clean only. i'm on the shorter side of average height and it hits me mid-thigh.
15494;0,0130977776805421;70;Tops;Knits;863;0;4;1;I first saw this tees paired with a skirt (blue and white stripes on the website). i immediately like the unique shape around the shoulder, v-neck line with a gap to the sleeves. even the color is white, it looks very appealing to me, simple yet unique. i bought the tees in white and black colors. i expected the white one to be sheer, but not the black one. even with a nude bra, i can slightly see the bra shape inside the tees. the size is running large. i usually wear size s with retailer. i got
20340;0,0130978874654467;30;Tops;Blouses;824;3;5;1;I absolutely love this top!! i bought the ivory color, and i am definitely considering buying the black as well! it feels true to size, but i did size up only because i like my tops to fit a little generous and flowy. i can't wait to wear this top all season long!
15681;0,013151168736723;59;Tops;Knits;865;0;4;1;When i got this top in the mail i was impressed by the colors. they were very vibrant and i loved the feel of the material as well. however the top did not look good on. i have an hourglass figure with a dd+ bust, and the peplum just made me look like i didn't have a waist. the arm holes were also very big and showed my bra. overall i think this is a very cute top, but would probably be better on women with more athletic figures.
23095;0,0131907339457888;29;Dresses;Dresses;1095;5;5;1;This dress is very sweet and summery. i disagree with all the other reviewers who complain about their not being enough room in the chest. i wear a double d and i didn't notice any pulling, which is definitely a problem i've experienced in other button down dresses. i also appreciated that the straps were wide enough to cover a bra - though i definitely will have to have them shortened. the color is not particularly vibrant (kind of a soft yellow thoat might not be flattering on every skin tone)
19134;0,0132744167714498;29;Bottoms;Jeans;1035;3;5;1;I am short and curvy and pilcro has the best fitting, most comfortable and most cute jeans around. i buy exclusively pilcro now. these jeans were excellent.
1933;0,0132785747549627;44;Bottoms;Jeans;1030;0;5;1;Great jeans, great cut, great fit & i love the distressed look. the rise was higher than i thought but not a deal-breaker. i typically wear 26 in most brand of jeans & got these in 26.
15651;0,0132898241579734;51;Dresses;Dresses;1076;1;4;1;Dress is lovely - the sleeves were shorter than i thought but otherwise nice fabric and very pretty cut!!
5045;0,0134151378602066;52;Tops;Blouses;829;0;4;1;"It's navy and red--the photo looked black to me. so i couldn't use with black skirt that i had planned to pair it with, but it's cute with jeans and maybe white shorts next summer. the front gapes open when you sit down, so i'll either have to pin it or sew a snap there unless i want the world to see my bra. also a little short waited for me--i'm 5""11"", so i wish the wrap hit a little lower, but not enough that i didn't keep it. it is flattering blouse. the shoulder ties add a little extra flair"
7087;0,0134373629560894;40;Tops;Blouses;831;0;5;1;"Love this blouse, it;s super comfy, looks awesome with jeans. this blouse runs true to size i purchased in my normal size small."
13736;0,0134670053611904;36;Tops;Sweaters;937;2;5;1;I love the fit of this sweater. i recently had a baby and am a little self-conscious of my stomach area. the sweater, in my usual size s, hides my problem area without being big and boxy. the weave seems like it will be prone to snags, so i'll have to be careful.
10901;0,0134781826958423;36;Tops;Blouses;835;1;5;1;This is a gorgeous shirt. it actually looks more fitted on than in this picture, where it looks more shapeless. even though i love tunics, the online picture wasn't appealing to me -- but when i saw the shirt in store and tried it on i loved it. wore it to work today and loved it even more. it's great quality, gorgeous design, lovely tailoring and details throughout.
6349;0,013489991533118;33;Tops;Knits;871;1;4;1;The colors of this top are my favorite part, i want to hold onto summer for as long as possible and this time lets me do that!
7972;0,0135260789767246;24;Tops;Blouses;836;3;4;1;"I bought this top online in the burnt orange color and was so excited to get it. when i tried it on, the fit was fine but it just lacked...something. the back was a little bit too long, the front was a little bit too short and it lacked the overall tailored look that i was after. gorgeous fabric and top, but not for me. i wanted something more for $150! bought the velvet tunic instead ;)"
14957;0,0135613696261615;39;Tops;Blouses;824;1;5;1;"So i recommend wearing with something more fitted, or with a flare (jeans), or tucked in like the picture. i love the detail of hte polka dot on the sleeves and collar (inside), so if you leave the collar open or roll the sleeves up a bit, you see hte contrast.
it is a bit short, and i am petite, i ended up with regular size anyway otherwise, it may have been too short.

colors are nice, and i love the material, it is very soft and hoepfulyl warm (my orffice is freezing). should ahve grabbed it"
9336;0,013570110813583;30;Jackets;Jackets;984;1;5;1;Love this jacket! saw it in the store and waited a few days before breaking down and buying it in the peach color. glad i did as it sold out super fast. it's soft, flattering, versatile, and has great detail in the stitching. perfect layer for fall. i'm usually a large, sometimes medium in hei hei jackets and the large fit very comfortably with room for light layers underneath. the style is a little boxy and slouchy but the fit in the shoulders and elastic ribbed waistband give it a flattering f
20840;0,0136073869364204;66;Dresses;Dresses;1110;0;4;1;Bought this dress as good transition piece into our hot fall. don't usually go for the uneven hemline. but got so many compliments, i'm expanding my comfort zone.
8024;0,0136365397634097;48;Dresses;Dresses;1086;8;5;1;"I'm 5'10"", approximate size of model pictured, however this dress is at least 3 in shorter on me. the fabric is a bit thin and the v-neck is quite deep...
but i happily wore it on the beaches of puerto rico, added a jean jacket and epice scarf and wore it in paris. last week i wore it  belted ( as i saw a sales associate in antro do) with an open weave sweater and flip-flops on a warm boston day. don't count it out yet, it really is a chameleon piece that you can wear so many ways."
1430;0,0136807568553982;45;Tops;Blouses;822;0;4;1;This is a really pretty shirt - the colors are beautiful.  it runs large, and it's semi-sheer.  shape is loose and boxy, but because it's more sheer, it didn't seem as boxy.  i'm tall, and this was long enough.  only change would be to make the sleeves a little less bell like.  not tight, but lose some of the volume.
2451;0,0137365899120611;37;Tops;Knits;872;0;5;1;Love! this tank?everyone should own it in every color?it is soft, has a great shape, and is super cute. it goes great with so many of the pants/shorts from retailer as well. summer staple for sure.
12518;0,0137817234223573;54;Bottoms;Jeans;1022;6;4;1;"Fit review: i ordered the size 27 as i read alexa chung jeans run small, and my usual size in ag stevie is a 26 in cords, 27 in some jeans.
.
i'm 5'2"", currently 25"" waist, 33"" high hip, 37.25"" at the widest, 29"" inseam. i have more of a pear shape than an hourglass, flatter stomach, bigger upper thighs and bottom. i'm long-waisted and do have some high-rise trousers that look great, which is why i risked paying shipping on these.
.
the 27 was loose at my natural waist, the jeans measuring 29.5"""
15585;0,0137920785826876;31;Bottoms;Skirts;996;1;4;1;"For me a good pencil skirt makes me feel so ladylike. i love eva franco pencils but be warned they are designed to be a tight fit through the tush. i wear a 12 and i ordered the 12 in this skirt. the pouch another reviewer pointed out seems intended to be a pocket, but because the skirt fits me pretty snugly it doesn't stick out when i walk and sit. the fabric does seem like it would snag easily so i'll choose accessories thoughtfully. for reference i have a 33"" waist and 42"" hips."
7295;0,0139134088543292;64;Bottoms;Pants;1056;0;3;1;These pants come in great colors and fit nicely if you determine your correct size, which may not be what you usually wear. i have several pair, but i am concerned about investing anymore because of all the complaints on dye stability. retailer is going to have to address this if it is going to continue carrying this product. now, that said, i had a bad accident on one pair of these pants, and the outcome was successful. i wore them to a dinner party and spilled grease on them from one of t
6607;0,0139307855451594;42;Dresses;Dresses;1081;15;5;1;This dress is everything i hoped it would be: flattering, cute, cozy
579;0,013932422528288;41;Bottoms;Shorts;460;0;5;1;It's really not in my typical wheelhouse. i took a chance based on reviews. the shorts are long and roomy enough. and i love it with the long-sleeves. i somehow feel less exposed in it than i thought i would. i do agree with the comment that the material feels pretty flimsy for the price point. that's a bummer.
5027;0,0139448032117789;31;Tops;Knits;854;2;5;1;I'm so glad i saw this in the store, as the online photo does not do it justice. it's elegant, detailed, and a beautiful shade of pink. it has a little silver sparkle which makes it perfect for a casual party when you want to opt out of the traditional holiday colors.
13643;0,0139486173040528;28;Tops;Knits;858;0;3;0;I ordered this turtleneck in white and was very surprised to find that the material is so thin and gauzy it's sheer. i will definitely have to wear a white camisole under this every time i wear it, even when using it as a layering piece. it seems to run true to size if not a little small. the neck is interesting because it is so light and floppy...you can adjust several ways. it doesn't hold form well, though. i will most likely keep it but will never wear it without something both under and ove
5646;0,0139762931118998;44;Tops;Knits;854;4;3;0;"I bought the tiny brand ""cassia"" tank last week in a small, and it fits beautifully. i ordered this ""sorcha"" tank in a small as well and it is huge! i am very sad about the huge size difference. look closely at the photos... the fabric twists as it goes over the shoulders to the back....it is quite bulky. hard to tell if that would minimize in a smaller size. my store doesn't carry this item so i can't easily try another."
6382;0,0140071248399299;26;Tops;Knits;857;0;5;1;"I have four kids and a post baby bump that wants to live on forever, so i'm a huge fan of flowy tops--this one looked cute online, but i wasn't sold on it and passed. then i went to the store the next day and saw it, and the colors were more vibrant, so i thought, why not try it on, though i wasn't that excited about it. i tried it on and it was like the shirt was having her cinderalla moment--totally transformed how it looked on me and in person. i love it! it was one of those instant ""i'm buyi"
828;0,0140108911010602;45;Intimate;Intimates;59;2;5;1;These undergarments are comfortable, streamlined, and well made. this bra holds up well without wires. i am a 34b and wear a small. it is a bit tight at first, but form fits after one wear. . after trying one bra and i ordered 4 more. then i researched the brand and bought camis to match. i love how all the colors and styles are interchangeable.
18925;0,0140441621322658;66;Bottoms;Shorts;417;1;5;1;"Have been on the hunt for decent shorts all summer. as an elder, i need some length, comfort, style and attractive fit. these meet all the criteria. i'm 5'3"" and got the 31's. they're lightweight but substantial enough to keep their shape. love the faux cuff too. they stretched a bit but still have a perfect fit. got the grey on sale and getting 2 more in other colors left in my size at full price. so good!"
18854;0,0140843461154766;48;Dresses;Dresses;1094;2;4;1;I love the color and the style, however it doesn't look as well as the model as i don't have a small waist like the model does. still overall, i love this dress and it is well made and comfortable
17662;0,0140961669738457;27;Tops;Sweaters;927;6;4;1;This sweater is really pretty (and soft!) in real life, but if you purchase the coral color, be ready for a little bit of a surprise when you open the package. while it looks more orange and subdued online, it's more like a hot pink coral in real life. definitely more pink than orange and far more vibrant than pictured. still pretty, but not necessarily my taste so still deciding if it will go back or not. the cut and fit of the sweater is wonderful, though. it's so soft and airy, but definitely
12690;0,014107132439461;54;Tops;Fine gauge;899;0;4;1;This is a very cute, casual sweater. i originally ordered a size medium but i had to send it back because it was way too large all over. i recently received the size small and i'm going to keep it. it is still a roomy fit but the overall design of the sweater is a relaxed fit. the color combination and texture of this sweater is lovely.
15761;0,0141545394227978;34;Dresses;Dresses;1075;2;3;0;The details on this dress are lovely. the embroidery is wonderful. but the fit on this dress is just not for me. it is very baggy and shapeless. it doesn't have any curves at all so it just drapes down me and looks formless. really unflattering. sad but it's going back.
11859;0,014232187488628;59;Tops;Blouses;828;3;5;1;This top is so cute. i don't usually like crochet tops, but when i saw this i just had to order it, so glad i did! my only complaint is that one of the button hooks broke, but that can be fixed.
14881;0,0142395217531907;28;Tops;Blouses;850;0;5;1;I found this while shopping at my local retailer and loved it. i was able to size down from my normal 10 to a 6. i got the warm white and it's lovely - couldn't wait to wear it. the detail is so pretty and love the buttons and 3/4 length sleeves - i am thrilled! i couldn't be happier!
12838;0,0143276767069606;37;Bottoms;Jeans;1024;5;5;1;These are just as cute as pictured. they are generously sized made from soft denim. the denim has quite a bit of stretch. i ordered a size down from my normal size. i was surprised by all the extra threads in the pockets. they were still attached to the inside of the pockets. it just made them feel a little unfinished. these didn't impact the overall wear or appearance of the garment. the straps are adjustable with two buttons on the overalls and three strap-length adjustments on the straps. the
10250;0,0143481400898632;53;Bottoms;Jeans;1033;0;5;1;"These fit beautifully and are very flattering. they are true to size but may be a little long. i am 5'5"" and wear these with 2 in. heels. i have already had numerous compliments on them."
17036;0,0144110293917663;26;Dresses;Dresses;1078;0;5;1;"This dress was love at first sight.  i did have to size down from my normal size but the dress is so comfortable and cool.  as another reviewer said, it does shrink after first wash but perfect now since i am 5'2"".  it shrank about one inch in length only.  i got many compliments and my husband said it was beautiful- that's a plus! i was comfortable and cool all day.  get it before it is out of stock.  this dress will not make it to sale."
16942;0,0144350749706346;40;Bottoms;Jeans;1025;6;5;1;"My first review and first full price designer denim purchase....

i recently lost weight and in need to replace all my pants and in search of a dark wash high rise jeans (preferably in black), finally decided to buy this at full price online coz of all the fab reviews. i decided to purchase the 25p, thinking that i may return after receiving it in the mail since i wasn't able to try at the store and not sure if i got the right size, also it's not the high rise denim that i was looking for. but t"
589;0,0145028912880898;67;Tops;Sweaters;939;26;5;1;This is a great coat, very lightweight, but warm. the color is gorgeous. it is fitted at the waist with fullness below and a great length. i am writing this review to give a heads up about the sizing. by usual retailer sizing this runs small and short waisted. i am generally an retailer x small and i need to exchange this one for a small or maybe even a medium (if i want to wear much underneath it). as it is it fits too well, like a dress, not a coat and looks short waisted. in fact, when i tr
21378;0,0145260040577022;62;Bottoms;Jeans;1039;1;5;1;These jeans fit true to size, and they look amazing. i wear a 26 and have an athletic build, and they look great everywhere! i love how they look with sandals.
77;0,014576530484732;35;Bottoms;Skirts;1020;0;5;1;Great versatile skirt, very flattering
22310;0,0145791511562138;58;Tops;Blouses;850;7;5;1;Saw this online and had to try it on when i found it in the store. i usually wear an 8 or a 10 depending on how things run, (i'm a 34 dd), so i tried on both sizes. i really could not see much of a difference between the two and was torn as to which size to get. the 10 was just a tad looser so i went with that one, but seriously i could not find or feel much of a difference. it is a very figure flattering top, and a plus that you can machine wash it. simply awesome!
0;0,0146083559568909;40;Bottoms;Jeans;1028;0;5;1;Like other reviewers i was hesitant to spend this much on a pair of jeans. however, i purchased them at  20% off on retailer day and...honestly...they look so good i probably would have paid full price. these jeans are fresh!
23386;0,0146310552570864;46;Tops;Knits;872;1;4;1;"I think the fabric is very nice and soft. i find this top runs very large. i am 5'2"" 130l. normally wear a small in a shirt. i should have ordered xs it is very large. i actually looked to see if they sent me the wrong size. the shoulder area fits fine. i may try tucking it in. other than size a nice top."
6383;0,0147233524950215;56;Dresses;Dresses;1078;6;5;1;"I was not shopping for a dress and somehow came home with this. in person the material and embroidery are just so stunning that i found myself picking it up. i was sold after trying it on. the material is very soft, both feels and looks extremely high quality. and for a basic shirtdress, it is amazingly flattering. follows curves without clinging to them. i'm 5'4"", 123 lbs, usually wear a small in tops/dresses & purchased the size 4, which fit perfectly. i'm slightly chesty (34d) so sometimes ha"
17754;0,0147288241425813;26;Bottoms;Pants;1066;15;5;1;These pants are so great, light, comfortable and reasonably priced. they are very well made, and the soft fabric is perfect for summer traveling and hiking. there's a bit of elastic in the waist which i like since pants usually gap at the waist on me. they're like classier lounge pants.
6047;0,0147313491043316;31;Bottoms;Skirts;1001;0;5;1;I was worried this skirt might look too much like a bedspread. but it is so gorgeous on and the cut is so flattering. i ordered a petite small and it fits perfectly. great fall/winter skirt.
14942;0,0147787474772066;34;Bottoms;Skirts;1009;17;5;1;This skirt is beautiful...the color is definitely more a greeny-gold then a true yellow gold...nice quality fabric, has some stretch, big pockets with cute lining, buttons are adorable, perfect knee length, sits higher on the waist. because it's not lined and the pockets are big, the pocket line is visible on my thigh area, so i am going up a size just so i don't see that...if you have less curves, your regular size should be perfect. it has so much character, but it!!
13392;0,0147990393933362;30;Bottoms;Jeans;1037;3;5;1;"These pants are uh-mazing!! i love that they have a seam in the front of the leg and in the back of the leg. i didn't notice it in the photo online but in person it stands out more and anything vertical on my petite frame is a+. way to go! these are my new favorite pants...i wish pilcro would make this style in more colors, and fabrics. 

i wear a 25p or a 24p and i'm glad i got the 25p because it's true these are tight in the leg but i think that's a good thing since cords look awful when the"
9599;0,0148948849133946;28;Dresses;Dresses;1078;1;5;1;I love this dress! it is a very casual and loose fit, which makes it super comfortable. i highly recommend it since it is versatile for fall and spring and can be styled quite a few ways.
13620;0,0149126073245497;37;Bottoms;Jeans;1025;0;4;1;... runs large which is the opposite of what i see in the majority of others' reviews. since most reviews say it runs true to size i decided to purchased a size 28 which usually, it's the perfect size for me no matter which brand, fabric, style, etc. it always fits... well, not in this case. i should have gotten a size 27. i felt very disappointed because these pants are beautiful. i got the 40% off sale at the time and now can't exchange it since the price has changed and the product is unavail
19909;0,0149249571668823;34;Dresses;Dresses;1078;0;2;0;"This dress did not work well on my figure. i have a small waist and broad hips, and the dress (size m for 140 lbs, 5'8"") was too boxy. i didn't have objections to the fabric, like other reviewers - honestly, even if there were a snag or two, the fabric is kind of rustic and i don't think a snag would look terrible, depending on where it is. i should note that one of the ornamental buttons immediately fell off the dress upon arrival. my friend got the same dress in a size s and it worked better f"
23242;0,0149578620804953;57;Tops;Blouses;818;1;5;1;"I love this blouse, it looks great under a blazer dressed up and great with boyfriend jeans.
it is loose and flowy, the neck line is low. i bought a medium and it is a little large but fits with the style of the top.
i happen to love the fabric, it is soft and feels great on the skin. one of my favorite fabric combinations is rayon (viscose) and cotton."
5460;0,015116145207037;57;Dresses;Dresses;1074;28;3;1;While the dress is pretty, it's a lot more boring than it seems online. the box top is actually a completely separate piece, which is kind of neat - you can choose to remove it or not. the box top is very wide (much wider than on the model) and very unflattering! also, the dress is a stiff silk fabric and doesn't flow like you would think it would. returning it!
1121;0,0151174287631094;50;Jackets;Jackets;975;1;3;0;Very pretty but runs tight - i usually wear an 8 or small/med in retailer jackets and couldn't zip up the 8 (am a 36c and thick/broad at the top) as there is no give. this is also more like a fitted shirt, made of lightweight muslin-like fabric. was looking for a summer jacket to wear over knits in a chilly, air conditioned office setting so sadly it didn't work for me. could be cute on someone with a smaller frame over a tank or cami.
11831;0,0151174366472538;40;Tops;Sweaters;952;1;5;1;Took a chance without trying it on and ordered online...i love everything about this sweater!!! fit is on the spot, details are pretty and wonderful! try it, you won't be disappointed.
2159;0,0151629297883717;33;Tops;Knits;872;0;4;1;This shirt fits great. normally wear an xs or a small and a small fits in this. comfortable and cute on. i wish i had ordered the other color as well.
1010;0,0151632366138632;32;Dresses;Dresses;1081;2;5;1;"I tried on this dress in the portland, me, store today. so much good to say about it: the wine color is deep and rich, the fabric hand is similar to a heavy weight silk, the cut of the dress so flattering.
but, i didn't get it. i am 5'2"" and weigh 135 lbs. i can sometimes wear a medium, but my upper arms and hips can require a large, usually petite for proper length. the store didn't have a large (i didn't even realize the dress also came in petite), so i tried on a medium. nice fit through the"
13639;0,0153452690918816;44;Bottoms;Pants;1059;1;4;1;"You have to try it on to see, it fits really well and looks stylish. i love it.
my only concern is the fabric is rather stretchy, not sure if it will hold up well in the long run."
20855;0,0154315033939201;62;Tops;Knits;876;0;2;0;I thought it was going to be so pretty. it is ugly on. the macrame is thick, stiff and rough. the top fits awkward on top where the macrame is and the rest is shapeless. yuk!
19795;0,0154680673763544;32;Dresses;Dresses;1078;0;5;1;"I have this in darker blue and it is my favorite dress of the season. i didn't realize that there was one in turquoise until it was already sold out. please bring back or be so kind to contact me if an xs comes in as a return, etc. 
i love this so much!"
10351;0,0154948927352643;43;Tops;Knits;876;1;3;0;This top is adorable in style and fit. which is why it breaks my heart that i can't recommend it. the embroidery snags so easily, when i wore it, i ended up with several tears in the threads, leaving the pattern a bit of a mess. it snagged on my rings, my watch and my purse. i returned it because of this. it's really too bad, and i wish the design were printed on instead of sewn, simply because it would last a lot longer.
18000;0,0158036696690762;34;Tops;Knits;872;8;2;1;I love the shirt and it runs true to size everywhere but the arm holes. i bought a size small and the length was great, the fit was great, but the arm holes were gappy and big. i had to return it and was bummed because i loved it otherwise.
11125;0,0158595328565153;32;Dresses;Dresses;1078;0;3;0;I loved the colors on this dress, but i don't like the way it fits. it is tight around the shoulders, but the rest of the dress is really big and has no shape
9455;0,0158752711092736;28;Dresses;Dresses;1094;0;4;1;"I am 5'3"" and 115 lbs. i ordered 2 on a whim and i'm so happy i did because they're so flattering."
18080;0,0159000865794834;58;Bottoms;Jeans;1022;0;4;1;Ags are the only brand of jeans i wear. they fit beautifully and last forever. i like the slightly higher waist of these angels... very comfortable and flattering, with the perfect amount of stretch.  be warned, unless you're 7 feet tall, you'll probably need to shorten these. typically i buy the angelinas, but they're hard to find nowadays. ag, please don't stop making petites! one more thing... try them on before you cut off the tags. i bought 3 identical pairs and returned one, as the fit was
15600;0,0159104008391589;26;Tops;Sweaters;933;0;3;1;This vest is very nice and fashionable, very stylish. i like it a lot. however, it is too itchy. the opening in the front didn't allow me to close as many buttons as i like but i would totally wear this stylish vest even though it is not as functional when it is cold. however, the itchiness is too much. i don't wear wool unless it is ultra soft or mixed with cashmere, so i could not imaging wearing this vest, it is too itchy. why ruin such a good thing?
10217;0,0159135561628699;46;Dresses;Dresses;1081;27;4;1;The dark orange is a beautiful color. this is a very comfortable dress, lightweight, long enough so you can sit down in it without any concerns. unfortunately, it's dry clean only, and you may want a belt to cover the elastic waist. the top part is very loose, so this might work better for full-figured gals.
15370;0,0160815473780186;53;Tops;Knits;872;0;2;0;This material is a nice quality but the shirt is boxy and shapeless. it was not flattering at all on my shape. i don't think it would look nice on anyone with an hourglass shape or fuller chest.
19229;0,0161444372923604;27;Tops;Knits;865;1;4;1;This top is cute! it adds a pop of color to my day and seems to be of high quality. the colors seem more vibrant in person and the material is quite soft and stretchy. as another reviewer pointed out, the peplum is only in the front! it sounds really weird but i don't really mind the look because i'll be wearing a jacket over it. i'm usually a size 12/14 with a 36dd bust and the large fits beautifully.
14759;0,0161546316987758;46;Jackets;Jackets;960;0;5;1;I like this layer for fall for many reasons. first of all, the color is a beautiful fall color. the design of the vest is flattering when wore with skinny jeans or leggings. the weight of the vest is perfect for the cooler weather. it is not too heavy, it's fairly lightweight. i am a size 6 and the small fit perfectly.
18811;0,016187287748939;42;Tops;Fine gauge;906;0;5;1;Cool color, great feel to this sweater. nice with jeans, skirts, etc. very cozy to wear. i just want to keep grabbing it every morning.
12603;0,0161970879104756;63;Jackets;Jackets;965;1;5;1;Love this dark gray heathered blazer ( no stripes, contrary to its name)! very easy to wear with the bit of spandex, and not hot or heavy like my tailored wool blazers. i am usually a petite medium but decided to order petite large to better accomodate layers or sweaters, sleeve length perfect even with sweater on. will get lots of wear with this dress-up or dress-down piece!
23345;0,0163043140777423;25;Jackets;Jackets;984;0;5;1;This bomber really is superb. it's everything you could want in a jacket. beautiful color that goes with so much (i got the pink) and is so trendy this fall. i am 5'4 and smaller on top so i purchased the small. i didn't want it too baggy but i probably could've sized up to a medium too.
4702;0,0163876212061245;35;Dresses;Dresses;1078;0;5;1;Such pretty pattern and colors, pleased with dress
18470;0,0163905749360492;49;Bottoms;Pants;1047;4;5;1;"Saw these in store and had to have them. online pictures do not do them justice. great pattern, fabric and features. can be dressed up or down. sizing is accurate--i am 5' 4"" and 117 lbs and bought an xs. they fit perfectly. wish they had more colors/patterns to purchase."
21786;0,0164732743155701;39;Intimate;Swim;524;4;4;1;"These are soft, silky, and super comfortable, the fit is very flattering, especially with muscular legs. beautiful pattern and colors, fit like a glove. however, unfortunately, they felt like pj pants, i know they are beach pants, but they were pretty see-through. for the price, i decided to return and wait for potential sale... 
ps i needed heels as they are long if you usually get petite."
1388;0,01652486123622;61;Jackets;Outerwear;1121;0;5;1;I saw this in an email and loved it but by the time i tried to order it that evening, some sizes were already gone. the medium was back-ordered but didn't have to wait too long to receive it.. i especially like the design with the full skirt. the material is light weight, which is prefect for my florida climate. the design and fit were beautiful!!! i love it and will get years of use out of it. my only complaint is the material wrinkles very easily. i tried to get them out myself but ended up se
13789;0,0165509892856987;61;Bottoms;Pants;1059;0;5;1;Runs a bit small. very slimming. love these. when will they be available in moss again?
5496;0,0168079600802551;60;Tops;Knits;873;4;4;1;"Cute black t-shirt that runs absolutely huge 
i ordered  the extra small  because the extra extra small  was sold out 
 the extra small  was not even close to fitting 

 so disappointing very cute t-shirt for very big people do not buy if your petite"
13306;0,0168364971707742;41;Tops;Fine gauge;909;0;5;1;This sweater is very pretty. the pictures online do not show the intricate knitting and the lovely details or how delicate the yarn is. i bought the light orange color and i think it will transition nicely into spring. the shape is very figure flattering as well. overall, i am very happy with my purchase.
3528;0,0168434700118119;50;Tops;Blouses;841;0;2;0;"Let me start off by saying how pretty this top is, and heavy,.and itchy!  you would have to stand like the model does in the first shot to wear the top (with your arms not touching any part of the top!  the sequins will itch if you put your arms down (underneath the armhole).  another reason i didn't like the top was because the should straps are unadjustable.  i would have to get mine tailored for my 5'2"" frame.  i usually wear a medium or 6/8 in tops and ordered this in a medium, it was roomy."
15464;0,016850743182053;56;Tops;Fine gauge;898;0;5;1;Thank goodness i packed this on a recent trip to adirondacks because it kept me warm in the cool mountain weather. i love gray so i was drawn to this open stitch sweater. it is a boxy bulky look but a great layering piece. most bulk is in front, so it can camouflage areas. i wore this over a gray and black flannel plaid shirt. perfect!
21492;0,0168553072392514;41;Jackets;Outerwear;1115;2;5;1;Well made & lined. great find for the fall!
22458;0,0168555467272568;67;Tops;Knits;862;0;4;1;Ordered the nude color for my daughter. love the color and the style. it's a.comfortable looking top. i pressed it before giving it to her. seemed to wrinkle easily. that's why i gave it three stars. probably wrinkle less if it had some polyester in it.
21288;0,0168818200563673;33;Dresses;Dresses;1078;0;5;1;I love this dress! it was a tad long ( i'm a shorty) but i loved the cut and versatility of the material/ design that i took it to the tailor. now it is perfect! i wore it to an engagement party but i could see it going very casual or very high end depending on styling. love.
8796;0,0169483256993946;45;Dresses;Dresses;1104;0;5;1;I got this dress to wear for christmas and it is perfect. looks great and is very comfy. low cut in front and back that is not too revealing and allows for perfect bra coverages. i got it in a small small.
4831;0,0169626333947244;26;Dresses;Dresses;1092;0;3;1;This dress, it is heartbreakingly gorgeous, stunning. the entire idea and design is so gorgeous! the style with the sleeves, embroidery and slight shimmer at the top, two layers underneath, the dress is extremely gorgeous. i am so so so sad i could not keep it. i don't get why the sizes are so off here. i have come across so many clothes with gorgeous embroidery but too loose or too tight. i didn't want to send this dress back but it did not look good. it was just too loose. sad!!
15902;0,0169820972106664;39;Dresses;Dresses;1104;0;3;0;I wish i could keep this dress based on the pretty orange print and style but the fabric and details make this a return, even on sale price :( agree with previous reviews: bodice too tight, neckline too high/chokes, fabric is rough, outer is poorly attached to liner so it poofs in weird areas. too bad...so sad!
23384;0,0171011590542939;45;Tops;Blouses;826;6;5;1;"I didn't think i would like this blouse when i saw it on the website but once i tried it on i was sold. yes, it is see-through but with a cami underneath this blouse can be worn both casually and to work. the best feature? even though it's silk and the tag says ""dry clean only"", you can absolutely hand wash this blouse in cold water and air dry. i did and it came out perfect with no wrinkles! i took my usual small (i'm 32c and 122 lbs) and love how versatile this blouse will be."
9618;0,0171201817311048;41;Dresses;Dresses;1110;0;4;1;I absolutely loved this dress and when i received it, it was exactly the way it looked/fit online. the material is so pretty and the fit was amazing. it was a bit wrinkled, but i'm used to ironing things, so that didn't bother me. unfortunately, i had to return it though because of the color. i'm filipino, and this yellow just isn't flattering on someone with dark/tan skin. yellow is a tricky color for me to begin with, but this was more of a mustard yellow and just totally wrong for my coloring
2327;0,0171432227116107;47;Tops;Knits;872;2;3;0;Online this top looks fabulous, but in person, not so great. great color, nice quality for a lightweight top, but when i tried it on, the neck does not lay nicely. too much sloppy wrinkled material just hanging awkwardly around the neck ( and i love cowl neck). i found, for me, it dipped very low showing cleavage and i have a large chest, so didn't work. for reference, i'm 5'4 118 and usually wear a small in retailer tops because it seems the majority of their clothes run large. i purchased a smal
20630;0,0171836870412132;35;Dresses;Dresses;1094;6;5;1;"I'm in love, i'm in love.

this dress was gifted to me, because i was gawking at it so often. i love it!!! i am petite, 5'3"" 118 pounds and i could do either the small or extra small. the small was a little more comfortable, because the extra small was a bit tight in the arms-but i went with the extra small anyway. in both cases the neckline showed a small amount of tasteful cleavage and i felt like a model with how many people complimented me on it. many people even took the extra step in compl"
14879;0,0171906381618307;37;Tops;Fine gauge;895;5;3;0;This is a relatively cute top when you try it on. however, i don't think it will hold it's shape after even just 1 wear. it also doesn't seem like you could wash it without ruining it (like a shirt form a 'throw-away' cheap clothing store). i checked the fabric tag and it is a very high % viscose - meaning, it won't last long at all. i'm returning and feel frustrated with how cheap the fabric is.
14856;0,0172011375578352;46;Tops;Knits;854;1;2;0;"Love tiny. i am 5'7"", 125-128 lbs depending on the day, and a 34a. i also have a very long torso, and tiny shirts are one of the few brands that are usually long enough for me. this one, however, was a huge miss. i ordered online in my usual tiny xs. it was much too big around and felt shorter in the front than stated, so it looked boxy on me. however, the worst part was the placket. the description doesn't note that it's held together with a tiny snap. that snap takes nothing to undo, and then"
801;0,0172023956060283;31;Dresses;Dresses;1086;1;2;0;I was looking for a dress for playing cello at my friend's wedding. the colors looked perfect, the cut was great, etc. very disappointed to find out how sparkly and scratchy the dress was in person, and sad that the slit came right to my knee, which is a really weird height. sadly returning - might purchase again if it goes on sale and i can't find anything better before the wedding :(
4334;0,0172129617195298;37;Tops;Knits;864;10;4;0;This was a near miss for me. i love the concept of the asymmetrical shoulder cutouts and the contrast of the beadwork to the simple gray crewneck, however, with some of the beads bulging out about 1/4 inch from the shirt, i have to say it almost bordered on gawdy christmas sweater status... but still cool. i actually thought this piece felt fairly sturdy and well-made, but the thing that got me and led me to return it was that even in an xs it was indeed cut wide. if it were a little shorter it
5481;0,0173382834968124;64;Tops;Knits;854;0;5;1;Bought this for my daughter in law's birthday. it's just a beautiful, feminine design, well made, nice fabric.. she can wear this for work or for lunch or an evening out. very versatile.
2061;0,0173418753585386;42;Tops;Knits;863;1;5;1;"I'm 5' 3"", 115 pounds, and bought the xs in white. i actually wear this as a bathing suit cover-up instead of a top. i love that it's little longer in the back so it covers part of the back of my thighs. it's light weight, cool and comfortable. it is thin but has washed well with no pilling or holes so far. i've worn this several times and have had lots of compliments."
5653;0,0173829015085872;49;Intimate;Lounge;290;3;5;1;This tunic is so stylish and pretty. the fit is close but not clingy (5'4, 116 lbs., size xs) and the rear coverage is just right to wear with skinny jeans or leggings. the fit is flattering whether the zippers are up or down, without riding up around the waist. the cowled collar falls around the neck evenly without the bulky look that similar styles can sometimes lend. the moss color is pretty, the fabric is soft and warm yet still fairly lightweight. if the pockets are properly tucked and layi
21164;0,0174528243412;38;Dresses;Dresses;1078;4;4;1;Sweater dresses are my fall/winter uniform and the patterns on this one are particularly unique and lovely. i'm 5'2'' with a small bust, this fit nicely and moves well, it's not baggy or bulky and not tight. good for work and play. i would usually wait to see if an item at this price goes on sale, but this one is the kind of piece that i expect to be snapped up swiftly and i don't regret getting it at full price.
2531;0,0174689420643822;59;Dresses;Dresses;1096;8;5;1;"I really love this dress! the fit is flattering and comfortable. the fabric has a pale art nouveau background, with indian and middle eastern prints over it. the beadwork does ""really pop,"" and the whole is greater than the sum of its parts. for lovers of etro's bohemian style who don't want to spent thousands of dollars on a dress . . ."
4999;0,0174712997074169;27;Dresses;Dresses;1081;1;5;1;The photos do not do this dress justice. i loved it as soon as i tried it on! it is good quality and the fabric is not too thin. definitely recommend!
14800;0,0174770369259996;37;Bottoms;Jeans;1033;4;5;1;"I've been on the hunt for flattering cords for a long time, and these fit the bill! bought the silver on friday and am going to order the pink. the silver is really more taupe, as pictured, so if you're looking for true grey, this is not the pair for you. but the fit is fantastic. i'm 5'3"" athletic build about 130 lbs and the 27 fits perfectly. finally cords that don't make my muscular thighs look giant!"
15789;0,017539614701565;47;Dresses;Dresses;1094;0;5;1;The dress is true to fit and very soft. you can dress it up or be casual with a denim jacket.
16918;0,0175428911844876;48;Dresses;Dresses;1087;0;4;1;It is gorgeous, and yes, the side slits are very high, but i am still keeping and rocking it. i am a size 10-12 and got the large, probably could have got the medium, but after a few washings, i think the larger size will be ok. side slits high, but if the weather is good, and you have self tanner on legs, it looks great with shortie boots. i have gotten many cmpliments on it, just hope it still keeps its shape after a long day of wear. very pretty in cream, though, i do recommend it. i am 5'8,
3317;0,0176116605819808;32;Dresses;Dresses;1078;0;5;1;Love this dress! it is tighter in the chest area than maybe expected, but not unwearable, though i am smaller chested. it will be great for hot summer days as it has a light lining.
21958;0,0177410185243905;38;Tops;Knits;872;0;5;1;"This is a great top. i love how it's loose and hangs away from my body but is banded at the bottom so it isn't shapeless. the tie at the neck is cute and gives it some personality.

i usually bounce between a s or xs. i tried the xs in the store but ordered the s."
1450;0,0177528038220571;35;Dresses;Dresses;1094;0;5;1;"This dress is stunning! my sister-in-law was hoping to use it as a bridesmaid dress for her wedding and i ordered it for fitting purposes. it fit beautifully on my 5'10"" frame. unfortunately she decided against it due to availability and because of the length on the shorter bridesmaids. while it fell to a couple inches above my ankles, it made the shorter girls look shorter. i ended up returning it but am regretting not keeping it now!"
20576;0,0177800066215705;46;Bottoms;Jeans;1022;2;5;1;"Love these sateen jeans. they are a bit more polished than regular, flat black jeans, but not too shiny. i am 5'9"" and always wear a 27 in ag jeans and these were consistent with my usual size and fit perfectly. the mid-rise is very comfortable and the length on me is about the same as on the model (hits above my ankles). they're easy to dress up or down, and i have a feeling i'll be getting a lot of use out of them."
3099;0,0178579378757163;49;Jackets;Outerwear;1133;0;1;0;"Like one of the previous reviewers, when my jacket arrived, it was not in the great dark wash pictured online. it was in a basic, medium denim wash. i like the wash pictured online; i did not like the wash the jacket came in. additionally, know that it is just huge. i ordered my usual size (medium) and understood that the jacket was meant to be roomy and swingy, but there is no way that one size down would be enough to compensate for how swimmingly large it was. i never tried an xs, but it was s"
21180;0,0179614189636357;36;Tops;Blouses;839;0;5;1;This is really a gorgeous blouse. the design is very feminine and elegant, and fits true to size. i didn't think it ran short and the material is light and airy. it sold out so quickly so i had to wait awhile and managed to get my hands on a 4 when it was available for a quick second. it was def. worth the wait. a gorgeous top.
4229;0,017990281113336;26;Dresses;Dresses;1094;0;5;1;I am truly heartbroken that this dress is sold out in my size -- it's is incredibly flattering, glamorous, and interesting. and it has sleeves! this is such a hard combo to find and i wish more than anything i can find my size to wear to a wedding. retailer, please please make more dresses like this one that flatter all figures and are classics.
5323;0,0180150226008772;20;Tops;Knits;883;0;5;1;"I was in the store looking specifically for long sleeved tops that are cute and found this! pretty color pinky purple and my usual xs is perfect. i'm 5'6"", 127 lbs, 34b. love this--definitely unique and feminine. and--no--nary a smell in the mix!"
4090;0,0180562790442872;36;Dresses;Dresses;1110;8;5;1;"I am 5'0"", 109lbs, 32d, and the 0 petite fit tts. the fabric is comfortable and the dress well made. my only complaint would be that the picture of the model and the dress i have in my possession do not have the same coloured slip. my dress arrived with a nude slip. i was a little confused at first but when i tried on the dress i realized it was not a bad thing. the lace actually stands out. all in all, a greal buy. discounts make it worth it too."
9279;0,018071367410961;52;Tops;Fine gauge;895;3;5;1;This sweater is so much cuter in person than as pictured. i bought the lovely red one today. i got my usual size, xs. i plan to wear it more fitted as a top rather than as a jacket, although i can still layer it if i want. the color is divine. the weight is just right, not too heavy but not too light. sometimes peplums overwhelm me, but this one did not. it hits at just the right spots and is flattering all over, particularly making my waist look small.
2347;0,0180825014979076;66;Bottoms;Skirts;1008;0;4;1;I like the skirt. that said it is going to the tailor to have some of the fullness taken out. just a lot of material going on, and heavier than you might have imagined. i will wear it fall & winter with white & navy cardigans.
5495;0,01815756948162;39;Tops;Blouses;850;1;5;1;I tried on the usual xs in the patterned style, and it fit really nicely. the colors are very nice in person, vibrant. teh cut is flatering and gives a nice definition at the waist i also love the lace up neck detailing. the sleeves flutter out, and will give a bit more volume, if i would change something that would be it. i would make the sleeves more fitter or perhaps shirter with the flutter. i am 115 lbs for reference...
13939;0,0183145410042531;27;Tops;Blouses;835;0;3;0;I've been adoring this online and while in store i happened upon this blouse and tried it on. the material was sturdy and the beading oh-so lovely, but on my frame it looked terrible. (i normally wear size m/10 in retailer clothes). as another reviewer mentioned, this blouse has rather puffy sleeves which aren't evident in the photo of the model. as well, i also didn't love the collar, which doesn't quite lay flat. if i were to buy this i would have to wait for it to go on sale and then get the po
13287;0,0183904495461508;26;Tops;Knits;862;0;5;1;I bought this shirt in the turquoise color with the navy trim and love it! color is as pictured. shirt is very soft and flowy. the length was a little shorter than expected (the slits on the side almost reach the top of my jeans) so i'm glad i got the regular xs and not the petite. this shirt is unique without getting too crazy!
11152;0,0184493406446771;42;Dresses;Dresses;1081;5;2;0;"I purchased this and another eva franco dress during retailer's recent 20% off sale. i was looking for dresses that were work appropriate, but that would also transition well to happy hour or date night. they both seemed to be just what i was looking for. i ordered a 4 regular and a 6 regular, as i am usually in between sizes. the 4 was definitely too small. the 6 fit, technically, but was very ill fitting. not only is the dress itself short, but it is very short-waisted. i am only 5'3"", but it fe"
9314;0,0184914659783984;50;Bottoms;Jeans;1028;0;4;1;The denim is soft and very comfortable, the color also is very dark and goes well with most anything. the style is 'oversized' for baggy look and for that reason the sides of the over-alls gape open requiring a long top. i usually wear a size 4 in citizen jeans, and ordered small in the overalls and had to return for an xs. i do recommend for comfort and fun. they look great with booties or flats and hit just at the ankle.
6895;0,0185065317077358;42;Bottoms;Pants;472;3;5;1;I typically wear boring shorts. you know - khaki. i saw these in the store and had to try them on. true to size in the waist, not too short, and the leg fit was perfect (slim without being skin tight). the pattern is far from boring. i can't wait to wear them out.
2881;0,0185499143262343;74;Tops;Sweaters;930;4;5;1;"Although i find $150 a little pricey for a sleeveless sweater, buy it. i bought a size medium which fits me exactly. it is an off-white, which is what i wanted. i will be wearing it with a sweater skirt, for the ""sweater dress"" look. it is comfortable and versatile-also with a jacket."
18058;0,0185568553608197;41;Tops;Knits;880;28;5;1;"When i first saw this i thought it was a bit boxy but i was drawn to the colors. the arm-holes are a little large and i got an xs (normally wear a size 2), so i will probably wear a tank underneath, but overall the fit is relaxed and comfortable. i love the colors. it has a little longer length (i'm 5'5""). i see this being cute with white jeans, blue jeans. love it!"
1960;0,0185808275042835;49;Bottoms;Skirts;997;0;5;1;Very pretty skirt, makes me feel very feminine and makes my waist look smaller than it is.
12397;0,0185860695497005;37;Tops;Blouses;820;0;3;1;This is a very pretty top - flowy w/o making you look larger, a nice blue, and a good transition piece. but, the upper arms are so tight on me! i'd say i have pretty average arms - definitely not super thin, but not large either. i keep staring at it and hoping the fabric will give a bit so i can keep it, but sadly, i just don't think the material will be very forgiving. if you have truly thin arms, i think it would be a great top. maybe sizing up would also work, but for me at least, i think it
14206;0,0186792646146987;56;Tops;Sweaters;928;4;5;1;This sweater is much prettier in person than in the picture. the colors are soft and feminine. medium fit me perfectly. this is the soft, cuddly sweater i have been looking for.
21588;0,0186988272794721;58;Tops;Blouses;833;1;5;1;Love this top. the beautiful and delicate details are wonderful. the cut is a loose fit which is great. it works with tailored trousers and jeans
10525;0,0187999700374887;32;Dresses;Dresses;1080;0;3;1;"I loved this dress in the photos and couldn't wait to try it on in person. the print varies from dress to dress and mine had noticeably much more cream color in it. i didn't mind too much but it didn't look like the dress the model is wearing. i bought the xxs petite which fit true to size. the v neck is a bit low for petite sizing but the length was perfect on my 5'2"" frame which was a plus. i agree with the other reviewers the fabric is cheap and feels cheap. not something i would expect from"
5902;0,0188188487869624;46;Tops;Blouses;833;6;3;0;This top is beautiful but beware there is a lot of extra material on the sides. it was not flattering on only because of all the excess fabric. clearly the model in the picture has it pinned behind her. it would be a keeper if it was cut closer to the body but sadly it's going back.
21114;0,0188504607747446;52;Tops;Knits;861;0;5;1;Such a great purchase! it can be dressed up or down and seems to go with everything! great for summer!
1529;0,0189322774241842;44;Tops;Knits;866;2;4;1;"Like the idea but the tee was was very boxy. i tried the size small and it fit at the shoulders but the body was very big. i would say they pinned it for the product photo:)
i'm 34a...usually a size small. it was soft and fun but a no for me at this price."
1394;;26;Jackets;Outerwear;0;0;5;1;
20668;;39;Tops;Sweaters;6;0;5;1;
7284;;39;Intimate;Swim;24;0;5;1;
1042;;48;Intimate;Swim;31;0;5;1;
22445;;20;Bottoms;Shorts;36;0;5;1;
18336;;64;Intimate;Intimates;38;0;5;1;
2150;;27;Intimate;Intimates;42;0;5;1;
15997;;27;Bottoms;Casual bottoms;54;0;5;1;
8807;;37;Intimate;Layering;61;0;2;0;
18690;;42;Intimate;Layering;61;0;5;1;
6552;;37;Intimate;Sleep;64;0;5;1;
17472;;34;Intimate;Legwear;77;0;5;1;
8271;;64;Intimate;Intimates;92;0;5;1;
16743;;29;Intimate;Sleep;97;0;4;1;
13205;;34;Intimate;Intimates;102;0;5;1;
12324;;55;Intimate;Sleep;116;0;5;1;
22824;;37;Bottoms;Shorts;132;0;5;1;
22984;;51;Bottoms;Shorts;133;0;5;1;
9422;;38;Intimate;Layering;143;0;5;1;
14054;;46;Intimate;Sleep;147;0;5;1;
6557;;44;Intimate;Layering;166;0;5;1;
8772;;61;Intimate;Legwear;169;0;5;1;
12681;;24;Intimate;Legwear;169;0;5;1;
16553;;42;Intimate;Legwear;169;0;5;1;
16919;;38;Intimate;Legwear;169;0;5;1;
18525;;33;Bottoms;Shorts;177;0;5;1;
12059;;40;Intimate;Legwear;188;0;5;1;
2273;;40;Intimate;Lounge;194;0;4;1;
7509;;40;Intimate;Layering;205;0;5;1;
22639;;51;Intimate;Sleep;226;0;2;0;
19854;;31;Intimate;Sleep;231;0;5;1;
7892;;33;Intimate;Swim;234;0;5;1;
520;;43;Intimate;Swim;240;0;4;1;
2169;;50;Intimate;Sleep;244;0;5;1;
10350;;35;Intimate;Swim;252;0;4;1;
2626;;35;Intimate;Swim;254;0;4;1;
22840;;43;Intimate;Lounge;256;0;5;1;
9061;;35;Intimate;Sleep;259;0;1;0;
19300;;56;Intimate;Lounge;260;0;5;1;
901;;45;Intimate;Sleep;267;0;5;1;
2329;;62;Intimate;Lounge;279;0;5;1;
12062;;36;Intimate;Intimates;284;0;1;0;
9390;;35;Intimate;Swim;291;0;4;1;
12246;;27;Intimate;Lounge;300;0;5;1;
15271;;38;Intimate;Swim;302;0;5;1;
17745;;32;Intimate;Swim;302;0;5;1;
8188;;38;Intimate;Swim;315;0;4;1;
22852;;57;Bottoms;Shorts;332;0;5;1;
21808;;39;Bottoms;Shorts;333;0;3;1;
9951;;34;Intimate;Lounge;337;0;4;1;
16193;;28;Intimate;Swim;342;0;5;1;
20314;;37;Intimate;Sleep;351;0;3;1;
4821;;35;Bottoms;Shorts;357;0;4;1;
14650;;36;Intimate;Intimates;361;0;4;1;
1016;;40;Intimate;Lounge;370;0;5;1;
16499;;41;Intimate;Sleep;379;0;4;1;
6618;;32;Intimate;Swim;380;0;5;1;
14778;;30;Intimate;Swim;382;0;5;1;
18711;;30;Intimate;Swim;394;0;5;1;
17860;;32;Intimate;Swim;396;0;5;1;
11289;;55;Intimate;Intimates;411;0;5;1;
21249;;31;Intimate;Lounge;422;0;5;1;
13536;;48;Bottoms;Shorts;447;0;5;1;
7165;;44;Bottoms;Shorts;456;0;4;1;
14302;;39;Intimate;Legwear;457;0;5;1;
20617;;28;Intimate;Swim;459;0;5;1;
12408;;58;Bottoms;Pants;472;0;5;1;
7349;;50;Intimate;Lounge;482;0;1;0;
22325;;48;;;492;0;5;1;
688;;48;Intimate;Lounge;498;0;2;0;
16866;;34;Intimate;Lounge;498;0;4;1;
13438;;43;Intimate;Sleep;508;0;5;1;
16577;;50;Intimate;Sleep;509;0;5;1;
6516;;30;Intimate;Layering;520;0;5;1;
4143;;35;Intimate;Lounge;539;0;5;1;
4803;;39;Intimate;Swim;544;0;4;1;
22206;;41;Intimate;Layering;547;0;5;1;
3355;;41;Intimate;Layering;558;0;5;1;
19659;;26;Intimate;Layering;574;0;4;1;
425;;39;Bottoms;Shorts;602;0;5;1;
18392;;30;Bottoms;Shorts;602;0;5;1;
1308;;40;Bottoms;Shorts;607;0;3;0;
2096;;28;Intimate;Swim;618;0;5;1;
17529;;28;Intimate;Lounge;622;0;4;1;
18998;;26;Intimate;Lounge;622;0;4;1;
13208;;53;Intimate;Lounge;623;0;4;1;
1098;;37;Intimate;Lounge;663;0;4;1;
23030;;27;Intimate;Lounge;688;0;4;1;
1149;;49;Intimate;Lounge;713;0;5;1;
1697;;40;Intimate;Lounge;715;0;5;1;
8919;;31;Intimate;Lounge;715;0;4;1;
7415;;47;Bottoms;Shorts;717;0;2;0;
21538;;30;Intimate;Lounge;731;0;5;1;
22761;;33;Intimate;Lounge;761;0;5;1;
14159;;35;Intimate;Sleep;786;0;4;1;
8457;;55;Tops;Blouses;815;0;4;1;
20265;;35;Tops;Blouses;815;0;5;1;
22604;;50;Tops;Blouses;818;0;5;1;
6811;;36;Tops;Blouses;819;0;5;1;
8106;;48;Tops;Blouses;819;0;5;1;
10605;;40;Tops;Blouses;819;0;5;1;
17885;;35;Tops;Blouses;819;0;5;1;
22729;;43;Tops;Blouses;819;0;3;0;
2509;;51;Tops;Blouses;820;0;5;1;
4400;;46;Tops;Blouses;820;0;4;1;
6080;;56;Tops;Blouses;820;0;5;1;
12075;;44;Tops;Blouses;820;0;4;1;
13372;;32;Tops;Blouses;820;0;5;1;
17536;;45;Tops;Blouses;820;0;5;1;
19930;;31;Tops;Blouses;820;0;1;0;
21475;;32;Tops;Blouses;820;0;5;1;
21994;;37;Tops;Blouses;820;0;5;1;
1175;;34;Tops;Blouses;822;0;5;1;
3733;;46;Tops;Blouses;822;0;5;1;
5537;;52;Tops;Blouses;822;0;5;1;
14075;;39;Tops;Blouses;823;0;2;0;
14093;;46;Tops;Blouses;823;0;5;1;
19485;;27;Tops;Blouses;823;0;5;1;
13875;;36;Tops;Blouses;824;0;5;1;
14043;;43;Tops;Blouses;824;0;4;1;
15105;;58;Tops;Blouses;824;0;5;1;
20246;;53;Tops;Blouses;824;0;5;1;
21680;;44;Tops;Blouses;824;0;4;1;
21701;;37;Tops;Blouses;824;0;5;1;
5117;;34;Tops;Blouses;825;0;5;1;
10280;;44;Tops;Blouses;825;0;5;1;
13572;;29;Tops;Blouses;825;0;5;1;
15870;;25;Tops;Blouses;825;0;4;1;
14565;;43;Tops;Blouses;826;0;4;1;
124;;39;Tops;Blouses;828;0;5;1;
1481;;46;Tops;Blouses;828;0;5;1;
1949;;37;Tops;Blouses;828;0;5;1;
2556;;36;Tops;Blouses;828;0;5;1;
4279;;46;Tops;Blouses;828;0;5;1;
7497;;38;Tops;Blouses;828;0;5;1;
7948;;53;Tops;Blouses;828;0;5;1;
9451;;25;Tops;Blouses;828;0;4;1;
10591;;57;Tops;Blouses;828;0;4;1;
15701;;40;Tops;Blouses;828;0;5;1;
15939;;25;Tops;Blouses;828;0;5;1;
19490;;65;Tops;Blouses;828;0;5;1;
4219;;44;Tops;Blouses;829;0;3;0;
4509;;32;Tops;Blouses;829;0;5;1;
4898;;32;Tops;Blouses;829;0;3;0;
6565;;33;Tops;Blouses;829;0;5;1;
7321;;66;Tops;Blouses;829;0;5;1;
11217;;33;Tops;Blouses;829;0;5;1;
14493;;36;Tops;Blouses;829;0;4;1;
15398;;46;Tops;Blouses;829;0;5;1;
15781;;32;Tops;Blouses;829;0;4;1;
17214;;68;Tops;Blouses;829;0;5;1;
18126;;66;Tops;Blouses;829;0;5;1;
19299;;35;Tops;Blouses;829;0;3;0;
20130;;43;Tops;Blouses;829;0;5;1;
21126;;57;Tops;Blouses;829;0;5;1;
21299;;40;Tops;Blouses;829;0;5;1;
4544;;38;Tops;Blouses;830;0;3;0;
7947;;64;Tops;Blouses;830;0;1;1;
13646;;41;Tops;Blouses;830;0;5;1;
15659;;53;Tops;Blouses;830;0;5;1;
15893;;64;Tops;Blouses;830;0;5;1;
17223;;51;Tops;Blouses;830;0;4;1;
17516;;47;Tops;Blouses;830;0;4;1;
8933;;46;Tops;Blouses;831;0;4;1;
9885;;37;Tops;Blouses;831;0;5;1;
16116;;34;Tops;Blouses;831;0;5;1;
22721;;55;Tops;Blouses;831;0;4;1;
22790;;38;Tops;Blouses;831;0;5;1;
23065;;27;Tops;Blouses;831;0;3;1;
5178;;42;Tops;Blouses;833;0;4;1;
5192;;36;Tops;Blouses;833;0;3;0;
11426;;57;Tops;Blouses;833;0;4;1;
15695;;65;Tops;Blouses;833;0;1;0;
18710;;53;Tops;Blouses;833;0;5;1;
4611;;70;Tops;Blouses;834;0;5;1;
9647;;26;Tops;Blouses;834;0;5;1;
11792;;52;Tops;Blouses;834;0;5;1;
18009;;43;Tops;Blouses;834;0;5;1;
19053;;70;Tops;Blouses;834;0;5;1;
22946;;42;Tops;Blouses;834;0;5;1;
22993;;55;Tops;Blouses;834;0;5;1;
2909;;68;Tops;Blouses;835;0;3;1;
19400;;37;Tops;Blouses;835;0;5;1;
2587;;33;Tops;Blouses;836;0;4;1;
4171;;65;Tops;Blouses;836;0;5;1;
9908;;32;Tops;Blouses;836;0;5;1;
10548;;54;Tops;Blouses;836;0;5;1;
12934;;68;Tops;Blouses;836;0;4;1;
15156;;52;Tops;Blouses;836;0;3;1;
20947;;36;Tops;Blouses;836;0;5;1;
23331;;55;Tops;Blouses;836;0;1;0;
15990;;44;Tops;Blouses;839;0;5;1;
3026;;38;Tops;Blouses;840;0;5;1;
10254;;40;Tops;Blouses;848;0;4;1;
1164;;34;Tops;Blouses;850;0;5;1;
1239;;25;Tops;Blouses;850;0;5;1;
2101;;59;Tops;Blouses;850;0;5;1;
2260;;33;Tops;Blouses;850;0;4;1;
3905;;37;Tops;Blouses;850;0;5;1;
3906;;55;Tops;Blouses;850;0;4;1;
5097;;39;Tops;Blouses;850;0;5;1;
5835;;37;Tops;Blouses;850;0;5;1;
8116;;36;Tops;Blouses;850;0;5;1;
8497;;37;Tops;Blouses;850;0;5;1;
11024;;49;Tops;Blouses;850;0;4;1;
11595;;47;Tops;Blouses;850;0;5;1;
12272;;42;Tops;Blouses;850;0;4;1;
18304;;57;Tops;Blouses;850;0;5;1;
10848;;50;Tops;Blouses;852;0;3;0;
2685;;36;Tops;Knits;854;0;5;1;
4732;;34;Tops;Knits;854;0;5;1;
5406;;52;Tops;Knits;854;0;5;1;
6841;;37;Tops;Knits;854;0;4;1;
7103;;27;Tops;Knits;854;0;4;1;
20254;;39;Tops;Knits;854;0;4;1;
23276;;61;Tops;Knits;854;0;4;1;
2949;;22;Tops;Knits;857;0;5;1;
5642;;42;Tops;Knits;857;0;4;1;
7587;;36;Tops;Knits;857;0;5;1;
9559;;35;Tops;Knits;857;0;4;1;
20432;;36;Tops;Knits;857;0;5;1;
17811;;45;Tops;Knits;859;0;5;1;
4855;;63;Tops;Knits;860;0;1;0;
7181;;42;Tops;Knits;860;0;4;1;
8784;;42;Tops;Knits;860;0;5;1;
9332;;28;Tops;Knits;860;0;5;1;
10704;;39;Tops;Knits;860;0;5;1;
11881;;39;Tops;Knits;860;0;5;1;
12588;;38;Tops;Knits;860;0;4;1;
14190;;30;Tops;Knits;860;0;5;1;
15506;;33;Tops;Knits;860;0;5;1;
19322;;57;Tops;Knits;860;0;5;1;
19469;;46;Tops;Knits;860;0;5;1;
22087;;46;Tops;Knits;860;0;5;1;
2091;;41;Tops;Knits;861;0;5;1;
2352;;23;Tops;Knits;861;0;5;1;
4553;;37;Tops;Knits;861;0;5;1;
8920;;35;Tops;Knits;861;0;4;1;
10056;;30;Tops;Knits;861;0;4;1;
11581;;31;Tops;Knits;861;0;4;1;
12547;;53;Tops;Knits;861;0;5;1;
13302;;34;Tops;Knits;861;0;5;1;
13368;;45;Tops;Knits;861;0;4;1;
13793;;44;Tops;Knits;861;0;4;1;
18100;;60;Tops;Knits;861;0;5;1;
18611;;34;Tops;Knits;861;0;5;1;
20885;;47;Tops;Knits;861;0;5;1;
22497;;34;Tops;Knits;861;0;5;1;
22957;;28;Tops;Knits;861;0;3;1;
23463;;33;Tops;Knits;861;0;5;1;
368;;42;Tops;Knits;862;0;5;1;
1225;;35;Tops;Knits;862;0;5;1;
1640;;52;Tops;Knits;862;0;5;1;
1955;;42;Tops;Knits;862;0;5;1;
4069;;63;Tops;Knits;862;0;3;0;
5257;;35;Tops;Knits;862;0;4;1;
5660;;28;Tops;Knits;862;0;5;1;
6818;;35;Tops;Knits;862;0;4;1;
7006;;37;Tops;Knits;862;0;5;1;
8571;;45;Tops;Knits;862;0;5;1;
9089;;32;Tops;Knits;862;0;5;1;
9656;;51;Tops;Knits;862;0;5;1;
11117;;48;Tops;Knits;862;0;5;1;
12674;;49;Tops;Knits;862;0;4;1;
13443;;35;Tops;Knits;862;0;5;1;
13902;;39;Tops;Knits;862;0;3;1;
14109;;30;Tops;Knits;862;0;5;1;
15088;;48;Tops;Knits;862;0;5;1;
16573;;38;Tops;Knits;862;0;5;1;
16890;;44;Tops;Knits;862;0;4;1;
17835;;30;Tops;Knits;862;0;5;1;
18789;;62;Tops;Knits;862;0;5;1;
18861;;60;Tops;Knits;862;0;3;0;
20437;;61;Tops;Knits;862;0;4;1;
22144;;40;Tops;Knits;862;0;5;1;
22438;;37;Tops;Knits;862;0;1;0;
22865;;33;Tops;Knits;862;0;4;1;
23048;;38;Tops;Knits;862;0;5;1;
131;;54;Tops;Knits;863;0;5;1;
790;;68;Tops;Knits;863;0;5;1;
1862;;38;Tops;Knits;863;0;5;1;
2154;;39;Tops;Knits;863;0;5;1;
3725;;59;Tops;Knits;863;0;5;1;
11043;;52;Tops;Knits;863;0;5;1;
14654;;51;Tops;Knits;863;0;5;1;
16634;;53;Tops;Knits;863;0;4;1;
17574;;57;Tops;Knits;863;0;1;0;
18716;;24;Tops;Knits;863;0;4;1;
19556;;36;Tops;Knits;863;0;5;1;
19794;;34;Tops;Knits;863;0;4;1;
20955;;45;Tops;Knits;863;0;5;1;
21855;;57;Tops;Knits;863;0;4;1;
22055;;39;Tops;Knits;863;0;5;1;
1515;;37;Tops;Knits;864;0;5;1;
2773;;34;Tops;Knits;864;0;5;1;
10045;;39;Tops;Knits;864;0;5;1;
20607;;53;Tops;Knits;864;0;5;1;
373;;52;Tops;Knits;865;0;5;1;
5172;;42;Tops;Knits;865;0;4;1;
10865;;46;Tops;Knits;865;0;5;1;
11380;;40;Tops;Knits;865;0;5;1;
13788;;57;Tops;Knits;865;0;5;1;
19440;;30;Tops;Knits;865;0;2;0;
21534;;26;Tops;Knits;865;0;5;1;
4415;;48;Tops;Knits;866;0;5;1;
8806;;21;Tops;Knits;866;0;4;1;
11062;;47;Tops;Knits;866;0;4;1;
16097;;33;Tops;Knits;866;0;4;1;
17804;;36;Tops;Knits;866;0;5;1;
18450;;30;Tops;Knits;866;0;4;1;
21893;;40;Tops;Knits;866;0;5;1;
1268;;38;Tops;Knits;867;0;3;0;
2002;;44;Tops;Knits;867;0;5;1;
3694;;37;Tops;Knits;867;0;4;1;
5099;;36;Tops;Knits;867;0;5;1;
5864;;53;Tops;Knits;867;0;5;0;
6118;;25;Tops;Knits;867;0;4;1;
7170;;41;Tops;Knits;867;0;5;1;
9400;;34;Tops;Knits;867;0;5;1;
9883;;71;Tops;Knits;867;0;4;1;
12080;;39;Tops;Knits;867;0;5;1;
12851;;43;Tops;Knits;867;0;5;1;
19313;;47;Tops;Knits;867;0;5;1;
19665;;25;Tops;Knits;867;0;4;1;
20367;;34;Tops;Knits;867;0;5;1;
20752;;39;Tops;Knits;867;0;4;1;
21410;;50;Tops;Knits;867;0;5;1;
21803;;37;Tops;Knits;867;0;4;1;
23086;;64;Tops;Knits;867;0;5;1;
424;;67;Tops;Knits;868;0;5;1;
1867;;35;Tops;Knits;868;0;5;1;
2896;;34;Tops;Knits;868;0;3;1;
3064;;40;Tops;Knits;868;0;5;1;
4570;;61;Tops;Knits;868;0;5;1;
7902;;40;Tops;Knits;868;0;4;1;
11257;;42;Tops;Knits;868;0;5;1;
11858;;36;Tops;Knits;868;0;3;1;
12491;;70;Tops;Knits;868;0;5;1;
12539;;30;Tops;Knits;868;0;5;1;
13039;;41;Tops;Knits;868;0;4;1;
13693;;35;Tops;Knits;868;0;4;1;
14796;;44;Tops;Knits;868;0;5;1;
17825;;52;Tops;Knits;868;0;4;1;
19102;;60;Tops;Knits;868;0;4;1;
19634;;61;Tops;Knits;868;0;5;1;
7410;;32;Tops;Knits;869;0;5;1;
14593;;35;Tops;Knits;869;0;5;1;
16943;;42;Tops;Knits;869;0;5;1;
20200;;36;Tops;Knits;869;0;5;1;
8437;;51;Tops;Knits;870;0;5;1;
18577;;30;Tops;Knits;870;0;5;1;
1499;;49;Tops;Knits;871;0;5;1;
5413;;34;Tops;Knits;871;0;4;1;
8640;;70;Tops;Knits;871;0;2;0;
22522;;50;Tops;Knits;871;0;2;0;
2285;;47;Tops;Knits;872;0;5;1;
2460;;36;Tops;Knits;872;0;5;1;
3847;;65;Tops;Knits;872;0;5;1;
4166;;41;Tops;Knits;872;0;4;1;
5754;;52;Tops;Knits;872;0;4;1;
6858;;45;Tops;Knits;872;0;5;1;
6882;;28;Tops;Knits;872;0;5;1;
8105;;67;Tops;Knits;872;0;4;1;
8347;;26;Tops;Knits;872;0;3;0;
8528;;45;Tops;Knits;872;0;5;1;
11010;;37;Tops;Knits;872;0;5;1;
12283;;42;Tops;Knits;872;0;5;1;
12635;;47;Tops;Knits;872;0;5;1;
13959;;27;Tops;Knits;872;0;5;1;
16420;;23;Tops;Knits;872;0;5;1;
17476;;68;Tops;Knits;872;0;5;1;
19328;;36;Tops;Knits;872;0;5;1;
19384;;42;Tops;Knits;872;0;4;1;
19493;;29;Tops;Knits;872;0;5;1;
20285;;28;Tops;Knits;872;0;4;1;
21028;;63;Tops;Knits;872;0;5;1;
21158;;37;Tops;Knits;872;0;4;1;
22175;;52;Tops;Knits;872;0;5;1;
22890;;26;Tops;Knits;872;0;4;1;
23018;;46;Tops;Knits;872;0;4;1;
23139;;40;Tops;Knits;872;0;5;1;
1137;;55;Tops;Knits;873;0;5;1;
1373;;35;Tops;Knits;873;0;3;1;
1544;;54;Tops;Knits;873;0;5;1;
2007;;21;Tops;Knits;873;0;5;1;
4765;;41;Tops;Knits;873;0;4;1;
6705;;33;Tops;Knits;873;0;5;1;
8393;;31;Tops;Knits;873;0;5;1;
13146;;24;Tops;Knits;873;0;1;0;
13337;;47;Tops;Knits;873;0;5;1;
14181;;39;Tops;Knits;873;0;5;1;
17207;;46;Tops;Knits;873;0;5;1;
17217;;47;Tops;Knits;873;0;4;1;
17899;;36;Tops;Knits;873;0;5;1;
19653;;49;Tops;Knits;873;0;5;1;
20604;;52;Tops;Knits;873;0;5;1;
4925;;28;Tops;Knits;876;0;5;1;
9334;;34;Tops;Knits;876;0;5;1;
10038;;37;Tops;Knits;876;0;5;1;
10631;;27;Tops;Knits;876;0;2;0;
16818;;33;Tops;Knits;876;0;4;1;
17605;;27;Tops;Knits;877;0;5;1;
22448;;45;Tops;Knits;877;0;5;1;
3436;;34;Tops;Knits;878;0;5;1;
8845;;63;Tops;Knits;878;0;4;1;
2430;;39;Tops;Knits;879;0;3;0;
17713;;25;Tops;Knits;879;0;4;1;
18046;;36;Tops;Knits;879;0;5;1;
2057;;37;Tops;Knits;880;0;5;1;
16249;;38;Tops;Knits;880;0;4;1;
5182;;41;Tops;Knits;881;0;5;1;
5728;;60;Tops;Knits;881;0;5;1;
12901;;62;Tops;Knits;882;0;5;1;
1741;;40;Tops;Knits;883;0;4;1;
2110;;32;Tops;Knits;883;0;4;1;
4914;;36;Tops;Knits;883;0;4;1;
11212;;45;Tops;Knits;883;0;4;1;
13394;;32;Tops;Knits;883;0;5;1;
2228;;45;Tops;Knits;886;0;5;1;
6868;;58;Tops;Knits;886;0;5;1;
7704;;55;Tops;Knits;886;0;5;1;
11689;;33;Tops;Knits;886;0;5;1;
14346;;31;Tops;Knits;886;0;5;1;
17390;;47;Tops;Knits;886;0;5;1;
14202;;46;Tops;Knits;888;0;3;0;
13734;;43;Tops;Fine gauge;890;0;5;1;
302;;36;Tops;Fine gauge;895;0;5;1;
584;;36;Tops;Fine gauge;895;0;5;1;
1814;;44;Tops;Fine gauge;895;0;5;1;
2136;;46;Tops;Fine gauge;895;0;5;1;
2691;;34;Tops;Fine gauge;895;0;5;1;
3787;;36;Tops;Fine gauge;895;0;5;1;
4833;;56;Tops;Fine gauge;895;0;5;1;
5812;;24;Tops;Fine gauge;895;0;5;1;
6211;;35;Tops;Fine gauge;895;0;2;0;
7428;;39;Tops;Fine gauge;895;0;5;1;
10540;;38;Tops;Fine gauge;895;0;5;1;
11170;;72;Tops;Fine gauge;895;0;5;1;
11716;;48;Tops;Fine gauge;895;0;5;1;
13373;;34;Tops;Fine gauge;895;0;5;1;
14193;;31;Tops;Fine gauge;895;0;5;1;
14506;;46;Tops;Fine gauge;895;0;5;1;
17433;;42;Tops;Fine gauge;895;0;5;1;
17438;;53;Tops;Fine gauge;895;0;5;1;
21647;;47;Tops;Fine gauge;895;0;5;1;
21812;;39;Tops;Fine gauge;895;0;5;1;
18891;;48;Tops;Fine gauge;898;0;5;1;
22048;;22;Tops;Fine gauge;898;0;5;1;
573;;33;Tops;Fine gauge;899;0;5;1;
2647;;36;Tops;Fine gauge;902;0;5;1;
11264;;62;Tops;Fine gauge;902;0;5;1;
8249;;28;Tops;Fine gauge;903;0;5;1;
15979;;20;Tops;Fine gauge;903;0;5;1;
20620;;35;Tops;Fine gauge;903;0;5;1;
11141;;37;Tops;Fine gauge;906;0;5;1;
14220;;41;Tops;Fine gauge;906;0;5;1;
21775;;39;Tops;Fine gauge;906;0;4;1;
1896;;67;Tops;Fine gauge;907;0;5;1;
2789;;64;Tops;Fine gauge;907;0;5;1;
17717;;45;Tops;Fine gauge;907;0;5;1;
20981;;49;Tops;Fine gauge;907;0;3;0;
21072;;39;Tops;Fine gauge;907;0;5;1;
12370;;30;Tops;Fine gauge;909;0;5;1;
21221;;32;Tops;Fine gauge;912;0;5;1;
22888;;49;Tops;Fine gauge;912;0;5;1;
8871;;37;Tops;Fine gauge;916;0;5;1;
19330;;27;Tops;Sweaters;921;0;5;1;
4580;;48;Tops;Sweaters;927;0;5;1;
9625;;46;Tops;Sweaters;927;0;4;1;
9965;;39;Tops;Sweaters;927;0;4;1;
12884;;40;Tops;Sweaters;927;0;5;1;
13052;;60;Tops;Sweaters;927;0;5;1;
16383;;44;Tops;Sweaters;927;0;1;0;
18485;;37;Tops;Sweaters;927;0;2;0;
19432;;35;Tops;Sweaters;929;0;5;1;
15766;;43;Tops;Sweaters;933;0;5;1;
577;;28;Tops;Sweaters;936;0;4;1;
3487;;37;Tops;Sweaters;936;0;4;1;
7515;;31;Tops;Sweaters;936;0;5;1;
8931;;53;Tops;Sweaters;936;0;5;1;
15958;;34;Tops;Sweaters;936;0;5;1;
16176;;57;Tops;Sweaters;936;0;5;1;
18642;;49;Tops;Sweaters;936;0;5;1;
21960;;44;Tops;Sweaters;936;0;5;1;
22603;;37;Tops;Sweaters;936;0;5;1;
22677;;61;Tops;Sweaters;936;0;5;1;
3909;;43;Tops;Sweaters;937;0;5;1;
12196;;32;Tops;Sweaters;937;0;3;1;
17338;;37;Tops;Sweaters;937;0;5;1;
22022;;48;Tops;Sweaters;937;0;5;1;
2064;;43;Tops;Sweaters;939;0;5;1;
2165;;42;Tops;Sweaters;939;0;5;1;
12435;;36;Tops;Sweaters;939;0;5;1;
935;;36;Tops;Sweaters;940;0;5;1;
11511;;46;Tops;Sweaters;940;0;5;1;
13121;;40;Tops;Sweaters;940;0;5;1;
23259;;53;Tops;Sweaters;940;0;5;1;
19990;;35;Tops;Sweaters;941;0;4;1;
21574;;45;Tops;Sweaters;941;0;5;1;
14845;;49;Tops;Sweaters;942;0;5;1;
10032;;75;Tops;Sweaters;943;0;3;0;
14134;;32;Tops;Sweaters;944;0;5;1;
3689;;48;Tops;Sweaters;945;0;2;0;
10417;;31;Tops;Sweaters;945;0;4;1;
11768;;26;Tops;Sweaters;945;0;5;1;
17551;;32;Tops;Sweaters;945;0;4;1;
22682;;35;Tops;Sweaters;945;0;5;1;
17296;;52;Tops;Sweaters;947;0;5;1;
19803;;43;Tops;Sweaters;949;0;2;0;
22746;;35;Tops;Sweaters;949;0;5;1;
20320;;38;Tops;Sweaters;950;0;4;1;
7299;;39;Tops;Sweaters;954;0;5;1;
10061;;25;Tops;Sweaters;954;0;5;1;
6150;;21;Jackets;Jackets;961;0;5;1;
4910;;30;Jackets;Jackets;964;0;5;1;
7568;;53;Jackets;Jackets;964;0;3;0;
15031;;32;Jackets;Jackets;964;0;1;0;
22414;;25;Jackets;Jackets;964;0;5;1;
19166;;37;Jackets;Jackets;966;0;5;1;
11608;;32;Jackets;Jackets;967;0;5;1;
4072;;28;Jackets;Jackets;974;0;5;1;
3912;;53;Jackets;Jackets;975;0;4;1;
11656;;22;Jackets;Jackets;975;0;5;1;
13056;;35;Jackets;Jackets;975;0;5;1;
2903;;31;Jackets;Jackets;984;0;5;1;
11566;;43;Jackets;Jackets;984;0;4;1;
12179;;34;Jackets;Jackets;984;0;4;1;
13694;;48;Jackets;Jackets;984;0;4;1;
15172;;33;Jackets;Jackets;984;0;5;1;
16607;;53;Jackets;Jackets;984;0;5;1;
22345;;28;Jackets;Jackets;984;0;5;1;
23032;;21;Jackets;Jackets;984;0;5;1;
23370;;56;Jackets;Jackets;984;0;5;1;
21612;;39;Jackets;Jackets;986;0;5;1;
16433;;41;Bottoms;Skirts;992;0;4;1;
17877;;50;Bottoms;Skirts;992;0;5;1;
4834;;32;Bottoms;Skirts;993;0;4;1;
8559;;35;Bottoms;Skirts;993;0;5;1;
19829;;34;Bottoms;Skirts;993;0;4;1;
20260;;49;Bottoms;Skirts;993;0;5;1;
21509;;35;Bottoms;Skirts;993;0;3;0;
2677;;35;Bottoms;Skirts;994;0;5;1;
8912;;57;Bottoms;Skirts;994;0;5;1;
13032;;35;Bottoms;Skirts;995;0;3;0;
13542;;48;Bottoms;Skirts;995;0;5;1;
2639;;32;Bottoms;Skirts;996;0;5;1;
18743;;31;Bottoms;Skirts;996;0;5;1;
20519;;52;Bottoms;Skirts;996;0;5;1;
13826;;52;Bottoms;Skirts;997;0;4;1;
3949;;43;Bottoms;Skirts;999;0;4;1;
6093;;33;Bottoms;Skirts;999;0;5;1;
524;;34;Bottoms;Skirts;1001;0;4;1;
4392;;22;Bottoms;Skirts;1001;0;5;1;
10779;;33;Bottoms;Skirts;1001;0;5;1;
23094;;32;Bottoms;Skirts;1001;0;5;1;
3692;;91;Bottoms;Skirts;1002;0;5;1;
930;;32;Bottoms;Skirts;1004;0;5;1;
6528;;41;Bottoms;Skirts;1004;0;5;1;
16612;;50;Bottoms;Skirts;1004;0;5;1;
13484;;56;Bottoms;Skirts;1007;0;5;1;
826;;53;Bottoms;Skirts;1008;0;3;1;
2680;;39;Bottoms;Skirts;1008;0;3;0;
4577;;35;Bottoms;Skirts;1008;0;5;1;
10303;;31;Bottoms;Skirts;1008;0;5;1;
16302;;28;Bottoms;Skirts;1008;0;5;1;
16978;;24;Bottoms;Skirts;1008;0;5;1;
4161;;52;Bottoms;Skirts;1009;0;5;1;
4688;;28;Bottoms;Skirts;1009;0;4;1;
5068;;56;Bottoms;Skirts;1009;0;5;1;
10000;;27;Bottoms;Skirts;1009;0;5;1;
12415;;45;Bottoms;Skirts;1009;0;5;1;
13500;;32;Bottoms;Skirts;1009;0;5;1;
3833;;31;Bottoms;Skirts;1011;0;4;1;
6243;;40;Bottoms;Skirts;1015;0;5;1;
8143;;52;Bottoms;Skirts;1015;0;5;1;
21001;;30;Bottoms;Skirts;1020;0;4;1;
536;;34;Bottoms;Jeans;1022;0;5;1;
2455;;41;Bottoms;Jeans;1022;0;5;1;
3782;;57;Bottoms;Jeans;1022;0;5;1;
8687;;37;Bottoms;Jeans;1022;0;5;1;
10546;;40;Bottoms;Jeans;1022;0;5;1;
14057;;35;Bottoms;Jeans;1022;0;4;1;
15104;;38;Bottoms;Jeans;1022;0;4;1;
20238;;31;Bottoms;Jeans;1022;0;5;1;
20391;;49;Bottoms;Jeans;1022;0;5;1;
21162;;33;Bottoms;Jeans;1022;0;5;1;
8281;;36;Bottoms;Jeans;1024;0;5;1;
15299;;52;Bottoms;Jeans;1024;0;5;1;
15426;;29;Bottoms;Jeans;1024;0;3;1;
19810;;39;Bottoms;Jeans;1024;0;5;1;
259;;38;Bottoms;Jeans;1025;0;5;1;
2864;;48;Bottoms;Jeans;1025;0;5;1;
3555;;49;Bottoms;Jeans;1025;0;5;1;
16935;;44;Bottoms;Jeans;1025;0;5;1;
19004;;41;Bottoms;Jeans;1025;0;5;1;
20507;;24;Bottoms;Jeans;1025;0;5;1;
18491;;47;Bottoms;Jeans;1026;0;5;1;
3047;;24;Bottoms;Jeans;1028;0;5;1;
14469;;48;Bottoms;Jeans;1028;0;5;1;
7728;;35;Bottoms;Jeans;1029;0;5;1;
11319;;28;Bottoms;Jeans;1030;0;5;1;
17813;;53;Bottoms;Jeans;1030;0;5;1;
22335;;47;Bottoms;Jeans;1030;0;3;1;
97;;53;Bottoms;Jeans;1033;0;5;1;
3419;;50;Bottoms;Jeans;1033;0;5;1;
9744;;55;Bottoms;Jeans;1033;0;5;1;
13978;;37;Bottoms;Jeans;1033;0;3;0;
14053;;56;Bottoms;Jeans;1033;0;5;1;
14470;;71;Bottoms;Jeans;1033;0;5;1;
17787;;40;Bottoms;Jeans;1033;0;5;1;
18616;;40;Bottoms;Jeans;1033;0;5;1;
10328;;36;Bottoms;Jeans;1035;0;5;1;
14365;;52;Bottoms;Jeans;1035;0;5;1;
14813;;38;Bottoms;Jeans;1035;0;4;1;
87;;38;Bottoms;Jeans;1037;0;3;0;
173;;42;Bottoms;Jeans;1037;0;5;1;
4322;;41;Bottoms;Jeans;1037;0;3;0;
4014;;41;Bottoms;Jeans;1038;0;5;1;
10132;;42;Bottoms;Jeans;1038;0;5;1;
6001;;32;Bottoms;Pants;1042;0;3;0;
11073;;34;Bottoms;Pants;1042;0;5;1;
8133;;35;Bottoms;Pants;1047;0;5;1;
3124;;36;Bottoms;Pants;1049;0;5;1;
20306;;41;Bottoms;Pants;1050;0;4;1;
20915;;44;Bottoms;Pants;1052;0;5;1;
5183;;49;Bottoms;Pants;1053;0;5;1;
6317;;29;Bottoms;Pants;1053;0;3;0;
10757;;44;Bottoms;Pants;1053;0;5;1;
12621;;35;Bottoms;Pants;1053;0;4;1;
209;;29;Bottoms;Pants;1054;0;1;0;
8395;;40;Bottoms;Pants;1054;0;3;0;
19596;;47;Bottoms;Pants;1054;0;5;1;
20787;;33;Bottoms;Pants;1054;0;4;0;
3941;;29;Bottoms;Pants;1055;0;5;1;
1583;;55;Bottoms;Pants;1056;0;5;1;
4575;;45;Bottoms;Pants;1056;0;5;1;
5926;;56;Bottoms;Pants;1056;0;5;1;
10767;;37;Bottoms;Pants;1056;0;2;0;
13072;;59;Bottoms;Pants;1056;0;5;1;
14384;;28;Bottoms;Pants;1056;0;5;1;
20461;;40;Bottoms;Pants;1056;0;5;1;
2961;;25;Bottoms;Pants;1059;0;4;1;
5624;;32;Bottoms;Pants;1059;0;4;1;
5720;;37;Bottoms;Pants;1059;0;5;1;
5804;;53;Bottoms;Pants;1059;0;5;1;
7834;;34;Bottoms;Pants;1059;0;4;1;
8407;;28;Bottoms;Pants;1059;0;5;1;
18851;;46;Bottoms;Pants;1059;0;5;1;
2409;;70;Bottoms;Pants;1060;0;5;1;
18352;;53;Bottoms;Pants;1060;0;5;1;
5282;;32;Bottoms;Pants;1067;0;5;1;
2739;;38;Bottoms;Pants;1068;0;5;1;
6704;;30;Bottoms;Pants;1068;0;4;1;
11002;;37;Bottoms;Pants;1068;0;4;1;
12322;;35;Bottoms;Pants;1068;0;5;1;
21031;;24;Bottoms;Pants;1070;0;4;1;
4610;;52;Dresses;Dresses;1072;0;5;1;
7593;;53;Dresses;Dresses;1072;0;4;1;
9756;;34;Dresses;Dresses;1072;0;1;0;
16699;;40;Dresses;Dresses;1072;0;5;1;
18442;;68;Dresses;Dresses;1072;0;2;0;
22759;;46;Dresses;Dresses;1072;0;5;1;
7629;;39;Dresses;Dresses;1074;0;5;1;
4276;;34;Dresses;Dresses;1077;0;4;1;
4605;;40;Dresses;Dresses;1077;0;5;1;
5154;;47;Dresses;Dresses;1077;0;3;0;
6478;;37;Dresses;Dresses;1077;0;5;1;
7700;;35;Dresses;Dresses;1077;0;5;1;
11346;;33;Dresses;Dresses;1077;0;5;1;
13579;;31;Dresses;Dresses;1077;0;5;1;
16579;;30;Dresses;Dresses;1077;0;5;1;
21118;;28;Dresses;Dresses;1077;0;5;1;
22120;;39;Dresses;Dresses;1077;0;5;1;
69;;43;Dresses;Dresses;1078;0;5;1;
203;;35;Dresses;Dresses;1078;0;4;1;
1172;;22;Dresses;Dresses;1078;0;5;1;
2161;;35;Dresses;Dresses;1078;0;5;1;
2606;;44;Dresses;Dresses;1078;0;5;1;
2893;;24;Dresses;Dresses;1078;0;5;1;
4532;;42;Dresses;Dresses;1078;0;5;1;
5350;;45;Dresses;Dresses;1078;0;5;1;
5992;;36;Dresses;Dresses;1078;0;5;1;
6236;;41;Dresses;Dresses;1078;0;4;0;
6894;;37;Dresses;Dresses;1078;0;5;1;
7131;;49;Dresses;Dresses;1078;0;5;1;
7632;;29;Dresses;Dresses;1078;0;5;1;
9135;;35;Dresses;Dresses;1078;0;5;1;
9667;;39;Dresses;Dresses;1078;0;5;1;
9903;;28;Dresses;Dresses;1078;0;5;1;
10094;;30;Dresses;Dresses;1078;0;4;1;
10937;;69;Dresses;Dresses;1078;0;5;1;
11585;;40;Dresses;Dresses;1078;0;5;1;
11935;;42;Dresses;Dresses;1078;0;5;1;
11999;;30;Dresses;Dresses;1078;0;4;1;
12200;;32;Dresses;Dresses;1078;0;5;1;
12208;;43;Dresses;Dresses;1078;0;5;1;
12341;;34;Dresses;Dresses;1078;0;4;0;
13589;;32;Dresses;Dresses;1078;0;4;1;
14351;;38;Dresses;Dresses;1078;0;5;1;
14658;;65;Dresses;Dresses;1078;0;5;1;
15654;;48;Dresses;Dresses;1078;0;5;1;
17357;;35;Dresses;Dresses;1078;0;5;1;
17382;;53;Dresses;Dresses;1078;0;1;0;
20627;;57;Dresses;Dresses;1078;0;4;1;
20818;;45;Dresses;Dresses;1078;0;5;1;
21113;;35;Dresses;Dresses;1078;0;5;1;
21368;;20;Dresses;Dresses;1078;0;5;1;
22576;;41;Dresses;Dresses;1078;0;3;1;
22974;;22;Dresses;Dresses;1078;0;4;1;
23080;;39;Dresses;Dresses;1078;0;4;1;
250;;49;Dresses;Dresses;1079;0;3;0;
5952;;41;Dresses;Dresses;1079;0;5;1;
7241;;39;Dresses;Dresses;1079;0;5;1;
18379;;35;Dresses;Dresses;1079;0;5;1;
6979;;28;Dresses;Dresses;1080;0;5;1;
8706;;32;Dresses;Dresses;1080;0;5;1;
10110;;36;Dresses;Dresses;1080;0;5;1;
10360;;40;Dresses;Dresses;1080;0;5;1;
15151;;29;Dresses;Dresses;1080;0;5;1;
16239;;60;Dresses;Dresses;1080;0;5;1;
17491;;32;Dresses;Dresses;1080;0;5;1;
20935;;50;Dresses;Dresses;1080;0;5;1;
22807;;40;Dresses;Dresses;1080;0;3;1;
102;;52;Dresses;Dresses;1081;0;5;1;
3159;;39;Dresses;Dresses;1081;0;3;0;
5214;;35;Dresses;Dresses;1081;0;5;1;
7100;;48;Dresses;Dresses;1081;0;4;1;
7191;;48;Dresses;Dresses;1081;0;5;1;
7525;;66;Dresses;Dresses;1081;0;5;1;
9473;;44;Dresses;Dresses;1081;0;5;1;
11382;;48;Dresses;Dresses;1081;0;5;1;
12093;;27;Dresses;Dresses;1081;0;5;1;
12685;;35;Dresses;Dresses;1081;0;5;1;
13092;;43;Dresses;Dresses;1081;0;5;1;
14189;;61;Dresses;Dresses;1081;0;5;1;
14673;;25;Dresses;Dresses;1081;0;4;1;
14707;;45;Dresses;Dresses;1081;0;5;1;
16507;;32;Dresses;Dresses;1081;0;5;1;
16803;;38;Dresses;Dresses;1081;0;5;1;
17201;;36;Dresses;Dresses;1081;0;5;1;
19007;;65;Dresses;Dresses;1081;0;3;1;
21041;;31;Dresses;Dresses;1081;0;5;1;
21502;;40;Dresses;Dresses;1081;0;5;1;
21648;;38;Dresses;Dresses;1081;0;5;1;
817;;35;Dresses;Dresses;1082;0;5;1;
3266;;32;Dresses;Dresses;1082;0;4;1;
5339;;30;Dresses;Dresses;1082;0;5;1;
9750;;43;Dresses;Dresses;1082;0;5;1;
13159;;36;Dresses;Dresses;1082;0;1;0;
1357;;39;Dresses;Dresses;1083;0;5;1;
2182;;40;Dresses;Dresses;1083;0;4;1;
11928;;35;Dresses;Dresses;1083;0;5;1;
22567;;50;Dresses;Dresses;1083;0;5;1;
23270;;34;Dresses;Dresses;1083;0;4;1;
16346;;44;Dresses;Dresses;1085;0;5;1;
145;;26;Dresses;Dresses;1086;0;4;1;
9630;;36;Dresses;Dresses;1086;0;5;1;
11361;;53;Dresses;Dresses;1086;0;5;1;
12802;;33;Dresses;Dresses;1086;0;5;1;
13404;;63;Dresses;Dresses;1086;0;5;1;
14750;;52;Dresses;Dresses;1086;0;5;1;
17424;;39;Dresses;Dresses;1086;0;5;1;
20993;;35;Dresses;Dresses;1086;0;5;1;
6715;;32;Dresses;Dresses;1087;0;5;1;
13058;;42;Dresses;Dresses;1087;0;3;1;
14290;;38;Dresses;Dresses;1087;0;5;1;
15206;;55;Dresses;Dresses;1087;0;4;1;
16486;;46;Dresses;Dresses;1087;0;5;1;
16781;;59;Dresses;Dresses;1089;0;5;1;
20644;;43;Dresses;Dresses;1089;0;5;1;
16648;;33;Dresses;Dresses;1092;0;5;1;
9093;;43;Dresses;Dresses;1093;0;1;0;
509;;40;Dresses;Dresses;1094;0;4;1;
780;;35;Dresses;Dresses;1094;0;2;0;
1886;;33;Dresses;Dresses;1094;0;5;1;
5913;;36;Dresses;Dresses;1094;0;5;1;
6177;;29;Dresses;Dresses;1094;0;5;1;
7237;;47;Dresses;Dresses;1094;0;5;1;
7475;;35;Dresses;Dresses;1094;0;4;1;
7743;;35;Dresses;Dresses;1094;0;5;1;
8259;;62;Dresses;Dresses;1094;0;4;1;
9367;;36;Dresses;Dresses;1094;0;5;1;
9374;;41;Dresses;Dresses;1094;0;4;1;
9470;;64;Dresses;Dresses;1094;0;4;1;
10207;;31;Dresses;Dresses;1094;0;5;1;
13700;;30;Dresses;Dresses;1094;0;5;1;
13766;;24;Dresses;Dresses;1094;0;1;0;
14534;;30;Dresses;Dresses;1094;0;5;1;
15113;;39;Dresses;Dresses;1094;0;5;1;
16739;;55;Dresses;Dresses;1094;0;4;0;
17274;;39;Dresses;Dresses;1094;0;5;1;
17368;;26;Dresses;Dresses;1094;0;5;1;
17471;;42;Dresses;Dresses;1094;0;4;1;
8961;;34;Dresses;Dresses;1095;0;5;1;
10845;;35;Dresses;Dresses;1095;0;5;1;
12293;;33;Dresses;Dresses;1095;0;5;1;
13969;;55;Dresses;Dresses;1095;0;5;1;
347;;30;Dresses;Dresses;1096;0;5;1;
20518;;35;Dresses;Dresses;1096;0;5;1;
4248;;35;Dresses;Dresses;1098;0;5;1;
7002;;42;Dresses;Dresses;1098;0;5;1;
16221;;38;Dresses;Dresses;1098;0;5;1;
16359;;34;Dresses;Dresses;1098;0;5;1;
3006;;33;Dresses;Dresses;1099;0;5;1;
4768;;47;Dresses;Dresses;1099;0;5;0;
18006;;41;Dresses;Dresses;1099;0;4;1;
6917;;46;Dresses;Dresses;1100;0;5;1;
9981;;43;Dresses;Dresses;1103;0;5;1;
20596;;31;Dresses;Dresses;1103;0;5;1;
2458;;39;Dresses;Dresses;1104;0;1;0;
2695;;35;Dresses;Dresses;1104;0;5;1;
8529;;39;Dresses;Dresses;1104;0;5;1;
8569;;39;Dresses;Dresses;1104;0;5;1;
9167;;39;Dresses;Dresses;1104;0;5;1;
12395;;56;Dresses;Dresses;1104;0;5;1;
16903;;32;Dresses;Dresses;1104;0;5;1;
22054;;36;Dresses;Dresses;1104;0;5;1;
22933;;49;Dresses;Dresses;1104;0;5;1;
6268;;32;Dresses;Dresses;1107;0;5;1;
2183;;51;Dresses;Dresses;1110;0;5;1;
4411;;59;Dresses;Dresses;1110;0;5;1;
6400;;38;Dresses;Dresses;1110;0;5;1;
7549;;47;Dresses;Dresses;1110;0;5;1;
9196;;38;Dresses;Dresses;1110;0;5;1;
14747;;27;Dresses;Dresses;1110;0;4;1;
15933;;44;Dresses;Dresses;1110;0;5;1;
16395;;34;Dresses;Dresses;1110;0;4;1;
18988;;36;Dresses;Dresses;1110;0;5;1;
3932;;42;Jackets;Outerwear;1117;0;4;1;
5553;;42;Jackets;Outerwear;1118;0;5;1;
14663;;34;Jackets;Outerwear;1123;0;4;1;
21146;;54;Jackets;Outerwear;1125;0;5;1;
5158;;31;Jackets;Outerwear;1126;0;5;1;
12927;;35;Jackets;Outerwear;1126;0;5;1;
20501;;36;Jackets;Outerwear;1126;0;5;1;
1232;;50;Jackets;Outerwear;1133;0;5;1;
17431;;53;Trend;Trend;1135;0;1;0;
12115;;32;Intimate;Layering;1164;0;5;1;
13726;;41;Tops;Knits;1181;0;5;1;
847;;38;Dresses;Dresses;1201;0;3;1;
10962;;35;Dresses;Dresses;1201;0;5;1;
1222;;43;Intimate;Layering;1203;0;5;1;
13737;;34;Intimate;Layering;1203;0;4;1;
17499;;30;Intimate;Layering;1203;0;5;1;
22174;;37;Intimate;Layering;1203;0;5;1;