s.no;Random;age;department_name;class_name;clothing_id;alike_feedback_count;rating;recommend_index ;review_text
3511;0,0000487263897869292;27;Dresses;Dresses;1083;0;2;0;"While i thought it looked really pretty on the hanger, when i tried it on it just felt like a mess. perhaps it suits other personalities and bodies. i hated that the zipper was in the front; i personally find it tacky and gawdy. while the patterns are pretty, the material felt like some weird fabric wallpaper and i didn't see how the price was justified with how the material felt cheap to me."
14793;0,0000757968840123133;42;Dresses;Dresses;1078;0;4;1;This dress makes me this of jackie kennedy on the beach in the summertime. i love the pattern and the pockets, oh my goodness the pockets! i saw this in the store and ordered one while i was there online because the ribbon on the zipper was frayed. well guess what we i got it in the mail at home the ribbon was also frayed. ugh. i kept it because it wasn't a huge deal breaker. the color is a little strange, not a true red more of a orangish red. i think it's super versatile and hopefully i will w
14729;0,000238563394195291;37;Bottoms;Skirts;1008;0;5;1;Buy this skit- it's everything that retailer used to be. great pice, work appopriate, and it fits great.
21099;0,000251345912418154;31;Dresses;Dresses;1078;1;3;1;Loved the style and color/design but this dress was simply too short in the front. the slip was also slightly tight over hips. i wish this was longer!
19191;0,000316150527406737;35;Bottoms;Pants;1054;0;5;1;I love this jumpsuit. it's unique, comfortable and fits true to size. you can dress it up or down depending on the event. every time i wear it i get loads of compliments!
13982;0,00040534444229557;45;Tops;Blouses;850;1;5;1;Love this top! wore with jeans, comes to about mid hip so good coverage. fit was perfect for me!
23062;0,00043084836902386;27;Dresses;Dresses;1078;1;4;1;I wear an xxs petite and this dress was still large. i like that look so i'm okay with that but the sides do stick out a little bit if you have a smaller frame.
21084;0,000619862577371582;41;Jackets;Outerwear;1115;1;4;1;"Really nice, substantial, fully lined sweater coat. i love the structured look and the faux-leather piping around the zipper and the pockets. quality seems to be very good. it runs true to size, maybe slightly on the small side (especially for larger hips/busts) so if you are in between sizes, go up. i chose small and it's just right; i wouldn't be able to zip around my hips with xsmall. besides the price, which is why i dropped one star, i cannot really find any fault in this sweater coat."
4391;0,000774577296617945;51;Tops;Blouses;831;1;4;1;I ordered the teal color - it is a beautiful color. the fit is a bit odd like one other person commented, but the pros outweigh the cons. i am thinking of ordering the other colors too.
6948;0,000792557554980551;39;Tops;Knits;860;0;2;0;I knew that the cut of this shirt was boxy, but this is huge.  i wear a l or xl at retailer, and i got the m/l and was swimming in this top.  sadly, this will be going back.
17129;0,000842453907265943;26;Intimate;Lounge;718;0;3;1;This top looks real cute on the model! wish it looked like that on me! way too big, so not flattering on my petite frame. sadly going back!
10781;0,000901709019147764;56;Dresses;Dresses;1110;11;5;1;I don't understand the negative reviews on this dress. i absolutely love the fit, may be the prior reviewer was trying a size on that was too large? yes, the fabric and the snaps are very delicate so you have to be careful putting it on and off, but the fit is very flattering on most people. i saw three different people trying it on in the fitting room today so i decided to try it on myself and had to have it! the colors are beautiful and the uneven hem makes it more fun and young. i will wear i
9388;0,000989855865052478;52;Tops;Fine gauge;901;0;5;1;Very nice polka-dot pattern. i so think it is versatile and can go with a lot of different colors. i am worn it was different colors underneath and both a skirt and jeans. it is a timeless classic!!
18168;0,00108318486007163;35;Dresses;Dresses;1095;0;5;1;Adorable dress. could hardly get the zipper up in my very typical size 4. i will order a 6 and am hoping it will work out!
16038;0,00108416418771282;53;Tops;Knits;872;0;4;1;"I ordered this in the blue motif and the print is really fun. the orange is even brighter in person. at 5'8"" 130 lbs the small has more than enough room and is a bit longer than some of the other offerings lately."
13157;0,00116272919747378;32;Intimate;Swim;442;0;4;1;Very pretty but also very roomy. i'm using it as a swimsuit cover up, so it's perfect!
5225;0,00118620446826888;36;Dresses;Dresses;1095;6;2;0;"And this one proved to be no different. the short end of it; this dress is pretty much super thick, heavy linen with a rope like collar (the supposed embroidery you see), and there is no lining, but completely unnecessary pockets. i'm typically a 2 or 4 depending on the designer (5'7 & a super fit 135 lbs) and knew enough to order an xs in this, however it still fit like a potato sack. even upon taking it out of the plastic bag, i knew it was going back. between the unrealistic pictures and lack"
15960;0,00125045988032816;32;Dresses;Dresses;1110;2;5;1;This dress was a 'maybe' for me online but when i tried it on i was totally won over! i got the raspberry, which is a really pretty color. i have 34dd chest and it fits nicely on me, fairly true to size and is super flattering on me- more so than most swing dresses. love it.
17644;0,00129773439157444;32;Tops;Blouses;850;0;5;1;"I ordered a size 4, my usual size in tops is s or xs for looser fitted tops, i prefer a more fitted look. for reference i am 5'4"" 120 lbs,, 32d. i ordered in pink and the color matches the online image. the pink is shear and i do have to wear a camisole underneath, which does not bother me at all. the top is adorable with jeans or slacks for work."
17482;0,00132124440829201;32;Tops;Knits;873;3;4;1;I ordered this in black in a medium. i've ordered several deletta tops before and the mediums fit great but in this top i think i could have done a small. i don't want to hassle with returning it tho and it should work fine.
19539;0,00137242313467108;51;Tops;Blouses;833;4;5;1;There is simply no way to wear a bra with this top. that being said, the cotton is substantive and crisp, the embroidery striking, the coral color bright and summery. it hits me exactly where my hips begin to broaden, which i honestly kind of hate, but the top is so lovely no one's going to be assessing your hips. if you have narrow hips and perky breasts, though, what a perfect summer top (although, i suppose if those are your features every top is perfect!)
16693;0,0014088640655021;39;Tops;Fine gauge;909;6;4;1;I love this tank, it is casual and comfortable, but has the little scarf attached to it, so sweet and styling. i tried on the xs regular, and would need petite, it was a bit long on me, but some people may prefer that. i also wonder about getting xxs only because it is a looser-fit tank. both colors are nice and neutral, good piece to add to a transition wardrobe. (115 lbs, 30 dd, 26.5 in waist)
2481;0,001495457463749;45;Bottoms;Skirts;1001;0;5;1;This is a throw it on and you're cute.  so easy and comfy, requires barely any styling to look cute in this.  and it has pockets!
13574;0,00158433152986611;66;Tops;Knits;872;0;4;1;Love the tee but it is very thin. best for layering
19607;0,00167994734133904;29;Bottoms;Pants;1055;0;2;0;I wanted these culottes to work so much! the fabric is gorgeous, but the size i ordered didn't fit. i'm normally a size 28 in pants, and i ordered a size 8. it was way too tight and made me look like i had a pooch in the zipper area. not what i wanted it to be. had to return them unfortunately.
4989;0,00169421886161809;22;Tops;Sweaters;942;2;4;1;Ive been on the hunt for big bulky sweaters because winter is coming and i live in the north, i saw this sweater and needed to give it a try. i got it i the mail and its truly gorgeous and extremely well made. this is the type of sweater to wear on a cold snowy day. it runs a little big but thats okay with me because its perfect to snuggle up in. i love this sweater but be aware it is thick and bulky so its not made to make you look like a twig. i like big sweaters and this design flows from sma
3408;0,00177147663057342;28;Intimate;Swim;252;0;5;1;"The colors and fit of this suit are even better than described. it is the most comfortable and flattering one-piece i have ever tried on. 

as noted by other reviewers, there is limited support in the chest; this suit will keep you covered but does not provide lift."
15818;0,0018528779658005;32;Tops;Fine gauge;907;0;5;1;"I'm 5'3, with a 32h chest. ive always had a hard time finding clothes that fit well because i'm chest heavy. this fits perfectly without making me look bigger than i am and hides my post pregnancy pooch well! 

i usually order a medium at retailer and ordered a medium in this sweater."
11086;0,00187496406276914;38;Dresses;Dresses;1111;11;3;1;I ordered this in a size 4 and it is great quality. the only problem is the size of the slip. the top is very tight across my average chest, but fine elsewhere - odd fit. the dress fits great and i debated finding another slip, but ultimately decided to return it.
917;0,00187765803390207;68;Tops;Fine gauge;909;0;5;1;I love both the color of this sweater as well as the buttons on the cuffs. this sweater is an easy pick any day of the week and goes well with all of my work pants. plus, the soft and pretty pink adds some brightness to my otherwise dark winter wardrobe.
16939;0,00191214605664417;35;Tops;Blouses;823;2;3;0;While there is nothing wrong with this top, it didn't really have an retailer feel. it looked more like something from a dept store, maybe a boutique. i got on sale but sending back bc i just don't like it that much, especially next to my pale skin. i could see it looking much better in someone with darker skin tone. i'm usually a 8/10 med. small in this top fit well.
7017;0,00192184042310917;37;Dresses;Dresses;1083;0;3;1;I ordered my normal size in this dress. i am 6 foot tall, but the regular sizes were too large and too long (mid-calf). i returned the dress for a size smaller in petite for a more flattering hemline. the dress is lovely, especially on the models in the pictures, but didn't quite work out for me. also, it feels like there are hundreds of closure hooks that make putting on/taking off the dress seem to take an unusually long time!
7056;0,00195145728092112;33;Dresses;Dresses;1080;0;5;1;"I feel like an indian princess in this dress! it isn't very forgiving, make sure you don't mind showing some skin - but there's some subtle rouching right at the spot where most of us wish we could hide at all times. great colors; boyfriend loves it."
10431;0,00209013342170309;66;Tops;Knits;863;1;5;1;Wow. this is the perfect sweater. beautiful, soft color. lightweight enough to wear now and into the coming seasons. it drapes beautifully. the knit is tight, no see through or snags. very soft and comfy. the casual, easy, pulled together look is hard to do and this one does it with style. am starting to love this designer. highly recommend.
15355;0,00211980646394749;33;Tops;Knits;879;0;4;1;This is a fairly high quality tank which i purchased in blue-green. it's narrower at the top, more voluminous at the bottom and a heavier knit than i expected, so i'm a little concerned about stretching over time, but i'll be careful washing it and enjoy it till that day does (or doesn't) come.
5769;0,0021212874157276;76;Tops;Blouses;820;0;5;1;I fell in love with this shirt in the store and it has become one of my favorite items in my closet! the bright pink contrasts perfectly with the white peplum bottom and the fit is wonderfully flattering!
20402;0,00214694882161705;48;Bottoms;Skirts;1002;1;4;1;"I finally broke down and went on a christmas shopping spree at retailer for myself with hubby in tow as they are gifts from him.
the skirt is a beautiful dark navy, super soft knit. very long with a texture pattern. i am 5'9"" and have put on a few pounds lately but typical wear and 8/10 and bought the large because i didn't want to try it on. it works for me because i don't like skirts to cling to much. even my pencil skirts i like a more loose fit. normally id say a medium would probably f"
3638;0,00216138423676871;46;Tops;Knits;886;2;5;1;"This is a perfect saturday t shirt for the colder days. great fit; not form fitting with no elastic or rayon, soft cotton with great details. im 5'8 140 ish and the medium fit great. i bought a washed denimy blue in the store but may be coming back for more colors now! the white was to sheer for my taste though"
18559;0,00216810569720651;54;Trend;Trend;1142;1;1;0;The dress is pretty, i ordered a 4 and 6 not knowing how it ran, i took both back the neck is too tight!
9958;0,00223624858253023;51;Bottoms;Pants;1059;5;5;1;Can't go wrong with these new charlie's by cartonnier. they fit amazingly. the fabric is a textured cotton but doesn't seem to wrinkle. just shook them out of the bag yesterday. the fabric description says cotton and spandex so they have some give (just a little) but are not going to stretch out after wearing for an hour. paired it with all sorts of different tops. side zip is slimming. lined pockets. substantial fabric. nothing bad to say. if you haven't tried a pair of charlies you should. you
16120;0,0022445978509425;35;Intimate;Sleep;666;0;5;1;Very cute and comfortable!does run big, i used the size chart and it's very generous-would order down a size next time.
6476;0,0023955494289423;32;Tops;Blouses;825;0;5;1;I usually wear either an xs or a small and i went with the small because i wanted it flowy and long because i am 5'9. it is a great fit, but it is a little sheer. i will probably have to wear a cami underneath.
18761;0,00249028853541871;46;Tops;Knits;854;0;4;1;"The only reason i gave this top a 4 star, is that it didn't have enough room around the bust area. i'm a d cup, and the front didn't button properly. but for the price i paid (40% off sale price), i have no coplaints.
i would recommend."
17546;0,00251329510682394;65;Tops;Sweaters;939;9;5;1;"I was in my local retailer to scope out a different piece, when i spotted this very attractive, well-designed jacket. sparrow's jacket looks dynamite on. the scale is perfect for me; the high level of detail is ideal. i chose this over getting an oversized sweater coat: it felt like these proportions were most flattering on my body. it will be appropriate for work or nice casual events. i bought the medium, true to size; i am an 8 top, 5'1""130#, 34f. although i largely buy online, sometimes you ju"
21843;0,00251384955589795;38;Dresses;Dresses;1078;1;5;1;Loved it! i am curvy and it is very hard to find a dress that looks easy and at the same time shapes you. the various cuts of the different prints are placed in the right place in the body . easy dress and beautiful. there should be more dresses in this style in different color combos.
22202;0,00254828922358458;45;Dresses;Dresses;1094;1;2;0;"The color is a nice cool red and the material is very soft. but the dress left me feeling shapeless and the bell sleeve overtook it. i wanted to love it, but it just wasn't working for me. i'm 5'8"" and purchased a s. it fits true to size, however it was loose around the waist and just wasn't complimentary on me. this will have to go back."
21241;0,00255145945976351;70;Dresses;Dresses;1094;0;2;0;This dress is so pretty, a true cinderella dress, that's why i can't find a reasonable explanation for such an amazing dress to be made out of plastic. i don't understand much about fabrics, but the dress feels like a waterproof camping tent. i bought a size 14, which is what i wear in moulinette souers (i usually go one size up since i find the rib cage small in this brand), the fit was perfect and the cut was very flattering. i will anxiously hope for a remake of this dress with a better fabri
16721;0,00257565782485125;46;Tops;Knits;854;0;5;1;"Wasn't sure what to expect - but got this on sale, and glad i did.
it is much prettier in person. soft and silky.
great fit also - and versatile (mix and match)"
5453;0,00271564884119905;52;Tops;Blouses;836;15;5;1;"Every now and then a piece like this one comes along at retailer, and i quickly make the purchase without any regret.
without being stuffy or old, this top is simply elegant. the floral is very high-end designer (think italian made) for a fraction of the cost. made of 100% bamboo, it is light without being sheer. there is no need for a cami with this one. the fabric has the body of a good linen, but it doesn't wrinkle nearly as much. it does require dry cleaning, though, if this matters to you."
13845;0,00275033561333526;50;Bottoms;Skirts;1016;1;4;1;"This is a flattering skirt for work or play. a few things to be aware of: 
- it is a lightweight knit without a lining (would travel great and never need ironing)
- the waist is quite high 
- the waist is quite slim (people with tummy self-consciousness might feel funny in it)
- the hang is flattering for people with butts and hips (such as myself)
- true to size for me

i decided not to keep it because i couldn't come up with enough tops to love it with and because for the money i would"
17384;0,00277268617228758;32;Tops;Blouses;829;0;4;1;Looks wonderful with a pair of dark skinny jeans and cowgirl boots.
12543;0,00277834717251119;49;Tops;Blouses;823;1;5;1;Didn't even wait for a sale on this top! so adorable and fits great. i bought a medium and wear a small in most things. i like that it is a touch big as it hangs better that way.
22667;0,00280313018628029;52;Bottoms;Skirts;1008;11;5;1;When i saw this online, i thought it was going to be a thin, summery kind of skirt with a fall pattern to it. it is not thin and wispy, but lined with a nicely weighted navy material and the fabric of the skirt is kind of a thick cotton with a nice swing to it. definitely would work for the fall and cool days or evenings. the zipper pockets look cool too, would definitely recommend!
16519;0,00283200467118255;30;Bottoms;Pants;1051;0;4;1;I really liked this jumpsuit but it just wasn't perfect. the design at the top is a bit stiff compared to the rest of the jumpsuit. i felt the whole thing ran just slightly too large. it was nice - but not amazing.
4205;0,00285858441089249;46;Tops;Knits;862;23;5;1;The lilac pic of this shirt doesn't do it justice......it is so darn cute on! the band around the waist really draws your eye in and makes your waist look really small.... love that!!! also, the pleated sleeves are just so feminine and pretty! the fabric is like a washed cotton.....very soft. i can see this being dressed up or made really casual.....i bought the green color and am going to wear it with a chunky turquoise necklace and pencil skirt!
9079;0,00288167096106173;32;Bottoms;Jeans;1190;1;5;1;I tried these on when they were full price and waited for them to go on sale and was very excited when they did! i'm not the type to buy leather pants but these look like i can dress them up or down and dress them like jeans. i'm a size 26 in pants but i bought size 25. i highly recommend!
3409;0,00289900902932779;63;Tops;Knits;864;41;5;1;Love this top, the lace detailing on it is gorgeous and fits tts. however, the length does run a bit short, not crop top short, but it is shorter than i expected, and i'm s short person.the color is listed as white and as pictured, it also looks white, but it's not. it's definitely an ivory color. i bought a white camisole to wear under it and when the top arrived, the tank didn't match the top.
21689;0,00292701021007138;48;Intimate;Legwear;169;3;5;1;"I really love these leggings. the different textures that all the colors have make them interesting. quality is great. i am 5 1"" and 125lbs. the s/m fit pretty well but i wish there was a xs option. but still would not hesitate to buy again!! i actually went to retailer tonight to purchase all the other colors,...that's how happy i am with this purchase!"
14317;0,0029479294746128;63;Dresses;Dresses;1091;82;3;0;"I bought this for an upcoming conference and was grateful that it shipped very promptly.

it runs quite large, in my opinion. i'm 5'7"" and about 130-135lbs. the small was huge on me in the chest and shoulders/arms. the stomach also wasn't very fitted. the material is thinner than i expected (you can see through the dress to some extent when you hold it up to the light), but i don't think this is a problem, necessarily. had it been thicker, it probably would be too warm. but you might need a slip"
14250;0,00310353578701738;38;Dresses;Dresses;1077;0;2;0;The quality of the fabric is good, but the fit is horrible. unflattering and strange. definitely a pass.
9344;0,00310711427852267;37;Dresses;Dresses;1094;0;5;1;Many compliments - great color and so comfy. most of my dresses from retailer are maeve brand, and i have never been disappointed.
13483;0,00318924723367802;52;Tops;Fine gauge;907;0;5;1;I love this sweater. hoping to order the other color. the weight of the sweater is perfect, not too heavy. i also really liked how the sweater lays with leggings because it is not bulky. great sleeve length.
12515;0,00325119464063708;45;Dresses;Dresses;1110;0;4;1;I bought this dress in a store, and it suits the body better than on the picture. the pattern is exquisite and beautiful, i receive compliments every time i wear it. it is made of silk, which is a preferred alternative to polyester. but as other reviewers mentioned, it needs a slip, and for an expensive dress it should come with one, or should be fully lined. it is only lined on top. the peep hole is deep, but on my body, it doesn't gap much (i'm 5'7'' 142 lbs). a keeper for me for its beauty!
16189;0,00326098294584763;73;Trend;Trend;559;14;2;0;Love the look of this and the fabric, but runs way small. i usually wear a 0. ordered the 0, then 2. just got the 4 and it's still too small. will be returning all 3.
2822;0,00326508238524541;43;Dresses;Dresses;1080;12;5;1;This is such a flattering, easy to wear dress! i am a size 6 with a 32g bust, and this dress fits me perfectly. so if you're busty, this should work for you too. soft, flowy, feminine. looking forward to warm weather!
7332;0,00328658094772763;49;Dresses;Dresses;1110;0;4;1;"This is a pretty basic black dress with a swingy silhouette. the slip that comes with it is much tighter than the dress. the transparent sleeves and open-work details help it look a bit airier even though the shape is loose. the neckline has a flattering v-opening. i was able to try on a petite size at my local store (i suppose it was a returned item). the petite was still a bit long for me; it did not hit me above the knee but rather at or slightly below the knee. the dress was cute and comfort"
6182;0,00332532313907541;41;Bottoms;Shorts;70;0;5;1;These short are the best! the denim is incredibly soft. they go perfect with both casual and nice tops. i would wear them out everyday if i could.
15716;0,00333216213882405;45;Tops;Knits;872;0;5;1;The top looks exactly as pictured and i liked the fabric. the fit is classic and i will be able to wear this top many different ways. i was hoping that it was long sleeve but it is actually 3/4 sleeve.
4645;0,00339473474331239;35;Dresses;Dresses;1081;0;5;1;Very happy with this online dress purchase! it fits tts and i love the ruching. i've already gotten compliments on it!
2259;0,00339534424120445;35;Tops;Sweaters;936;9;2;0;This sweater/tunic is very poor quality - the seams looked like they were about to come apart as soon as i got it. and, without a chunky statement necklace, it looks like your grandmothers apron. there just isn't any style to it - has to go back.
18609;0,00341418473244849;39;Dresses;Dresses;1080;2;2;0;There were just too many pleats to this thing. it was not flattering. it looks fantastic on this model but not on me. oh well.
277;0,00347556741926809;31;Bottoms;Pants;481;0;3;1;I was really happy when i saw this romper online and ordered it right away. unfortunately being larger chested i thought i would size up to a medium. bad choice. now i have a beautiful romper that is too big for me. i will be getting this one tailored.
6976;0,00355247950644815;38;Dresses;Dresses;1091;12;5;1;I came into the store to try another dress on and was given this dress to try. it is perfect! i paired it with black tights and tall boots for a family photo. i got it in the wine color. highly recommend and very fun for winter. it does run really large. i usually wear a small but got an extra small.
18360;0,00358544594922343;60;Tops;Knits;863;3;4;0;I really liked this top when i tried it on but as i wore it the bottom of the sleeves stretched out terrible where they looked worn out from wearing over and over, and since this happened with the first wearing and i paid $88.00 i sent it back. if it hadn't been for that it's a comfy and cute casual top
13239;0,00358721104260714;38;Dresses;Dresses;1078;1;5;1;"I saw this dress in my local retailer store and had to try it on. i cannot say enough good things about this dress! i love it!
 like other reviewers said it runs very big. i am 5'8"" 138 pounds and usually wear a size 6 but got this in a 2. fits like a shirt dress should once i sized down."
10881;0,00364792741538121;40;Tops;Knits;873;0;5;1;This is a really pretty top that you can dress up or down. the draping on the neck and shoulders falls nicely and i love the back with the lace. it is simple but unique and has nice classic lines. i am usually a pxs but based on the measurements i went with the regular xxs and glad i did bc the petite would have been too short.
23090;0,00367096917563551;33;Jackets;Jackets;975;3;3;0;I live in ny and bought his coat for the winter, thinking since it was made out of wool it would be warm. this coat is extremely thing, more like a spring/fall coat and therefore i don't think the price justifies the quality. i am going to return and consider repurchasing if it goes on sale. i also wish it had a button or way of keeping it closed rather than just hang loosely.
21640;0,00370759943597422;39;Jackets;Outerwear;7;0;5;1;I love this coat. i bought it in 2012, and it still looks great in 2015. i only wear it a few times each season, but it makes me smile. it's tailored, feminine, and a bit flashy. it's fairly warm, too.
16807;0,00371775507887067;64;Tops;Blouses;850;0;5;1;Looks and fits just like the picture. fabric is nice and soft. looking forward to wearing this tunic as soon as the weather cools just a little
11968;0,00380158880515785;45;Tops;Sweaters;936;2;4;1;This is a nice, heavy sweater for cold days and lounging in jeans. very comfortable and flattering.
18965;0,00393886809993943;41;Jackets;Outerwear;1131;1;3;0;What a let down. this is not what i would call a coat but a sweater. it is unlined and very lightweight. the fit was cute and would have been so great if it was actually a coat.
14274;0,00402076964999613;53;Tops;Knits;861;0;4;1;"I bought the red motif for my summer wardrobe; i'll be on the road for most of the month of august and wanted to create a super comfortable capsule wardrobe that would launder without ironing. this top is well made, super soft, and works well with jeans, capris, skirts, and leggings due to its longer length over my posterior. i should have read the other reviews first though, this is a tad large and i needed to us invisible tape to keep everything from hanging out the front. i ordered a medium a"
14115;0,00420120410870668;66;Tops;Blouses;829;1;5;1;"This is a great blouse. the fabric is a fine rayon which is soft and has a lovely drape to it. i have found rayon to be a good fabric all year and quite cool in the summer. i am 5'7"" long waisted and 127 lbs with a slender build so i usually wear a size 6--this fits perfectly as well as being quite flattering. it can be worn loose or belted with a contrasting or black belt over skinny jeans. it would also be swell with a pencil skirt. it will cover any fashion flaws! i usually like to shop the s"
10946;0,00424815309766608;37;Tops;Knits;860;0;5;1;I love this top! its so comfortable and light weight! it drapes beautifully, with an overall loose fit but a little slimmer at the bottom. so flattering! i only wish i bought them in every color before they ran out!
8799;0,00425677256061603;30;Bottoms;Pants;1056;0;3;0;I love these pants but they run super big and still stretch after wearing. i am usually a 2/ 26 and had to get a 0. also the pocket flaps stick up on the corners and ironing doesnt help.  still comfortable but i would have never paid full price for these if i had known.
12672;0,00429806141441106;48;Bottoms;Skirts;993;2;5;1;"I am 5'3"", 28/38 and got the sp. had no issues whatsoever, and love the colors."
601;0,00431992669860687;31;Dresses;Dresses;1082;19;3;1;The xxs petite fit great except in bust and shoulder area. i'm a 32a and it was really tight.
13214;0,00433957608206305;26;Dresses;Dresses;1086;6;5;1;I bought this dress in the green color and i am absolutely in love with it!! it is very figure flattering and looks great even though i have a larger bust. it is also a great length, hits about an inch or two above the knee. highly recommend!!!
22587;0,00436648358065694;35;Jackets;Jackets;974;1;3;0;"This design looks really sharp on the image, but in reality this jacket felt more like a jacket you would get at forever xxi.  the fabric had that polyester/shiny quality to it that made it look cheap.  since the fabric was pretty soft, with a gray jersey lining, it felt more like a padded jacket than a constructed blazer.  

i also thought the cut was small if you have a bust larger than a b, i felt like i was busting out of a size 8, and i am a 34d."
17751;0,00448866714523502;63;Intimate;Lounge;82;0;3;1;I loved the lavender color on the cape. it was soft and comfortable. but the design on the front ruined it for me. it took me all of 1 minute to know it was going back. it looked like florescent bird feathers nothing wrong with that, it just wasn't my style at all. i was a bit disappointed as it would have been perfect for cool ca nights. it looked more subdued in the photo, it's not. i clicked i would recommend to others as it is nicely made and i guess just not my taste as far as the colors an
11721;0,00450841240004692;33;Tops;Blouses;825;3;2;0;I loved this tunic the first time i wore it. i ordered it in the red and it was very flattering on my post-pregnancy figure and extremely cute with leggings and boots - just what i wanted. it fit true to size, even with a few extra pounds around the chest area. imagine my horror when i pulled it out of the wash - having followed the directions on the tag exactly - and discovered it had shrunk and no longer fit properly. in particular the sleeves became incredibly, uncomfortably tight and much sh
7941;0,00453688888062865;38;Bottoms;Pants;1056;0;4;1;I love these pants! typically, i have a difficult time finding pants that fit my smaller waist and curvier hips and legs, but these fit well enough. all i need to do it have the waist tailored and they will be perfect. the pants are also soft. the only downside, and it is not a deal breaker for me, is that they run a little large and seem to stretch out a bit with wear. considering this, i would downsize one size.
18323;0,00455546531436967;58;Bottoms;Pants;1060;2;5;1;"Love these pants! thank you retailer for making ""tall"" really tall! i am 6 feet and have to wear heals keep the pants from dragging- love it! i got the black- not 'shear.' they run just a tad small. i am a 4/6 in pants and the 6t just fit me. 
i wear with a tank for casual, beach look; colorful silk top for a dressier look- very versatile. 

i just may have to buy this in the green. (i would get the white, but some reviews say they are pretty shear."
20068;0,00461147081398228;37;Tops;Knits;860;1;3;0;I love the look of this top. i'm usually a size 12 or 14 and i tried on a size l and it seemed really big, and looked a little like a maternity top. i thought maybe it was too big and ordered a size m. unfortunately, it still looked maternity-ish. i think the bottom of this is flared so much that if you have a big bust at all, it will look like a maternity top on you.
17479;0,00467042397091787;34;Dresses;Dresses;1075;1;5;1;Just beautiful dress! it dits perfectly, tts and i feel like princess in it! highly recommend girls!
20835;0,00473868500624718;73;Tops;Blouses;840;3;2;0;"Great hopes but a sorry disappointment. at this price, one should be able to expect better pattern alignment as shown on model. the pattern in the garment i received was poorly matched on either side of the button placket. i am 5'6"" and ordered xxs. garment was significantly over-sized. i would have had to order one and probably two sizes smaller to achieve a decent fit. because of the oversizing, the shape is more boxy than it appears in the catalog photo. sadly, this buttondown has to be retur"
9204;0,00474116810125145;55;Bottoms;Skirts;1020;0;5;1;I am always looking for a nice denim skirt and this one is great the pale pink is perfect and the stretch is awesome. i wore wedges with it and a nice romantic top and it looked great. i originally got a 8 and a 10 and kept the 8 because of the stretch it fit perfectly. nice length and great quality
11267;0,0047929340878808;51;Tops;Knits;862;0;2;0;I was really looking forward to these tees working, after reading the reviews. unfortunately, they had slits on the sides that came up higher than i was comfortable showing my sides just above my jeans. trying to keep it age appropriate.
15197;0,00484591906089514;37;Bottoms;Pants;1060;0;3;0;"I tried this on in a store and it was beautiful except the sizing was way off. i'm 5'11"" and usually a 12 or 14. the 12 was skin-tight and the 14 was so loose it was comical - and even on my super long legs, the cuffs dragged on the floor. plus the lacy panels in the cleavage area are totally see-through and my bra was very visible. i was totally bummed. also incidentally, this didn't seem the best quality. there were strings hanging out of the lacy areas, and the waist tie ties way higher than"
10943;0,00485972670035971;56;Tops;Knits;863;0;3;0;The fit of this top on me was much more boxy than on the model, maybe the fault of my fuller bust. my usual small definitely didn't reach my hips as it does hers, and appears wider. i'm not even sure the v is as deep! again, could be me. but i'm keeping the top because it is just so darn comfortable. as for not looking too top-heavy, ill just have to make it work.
9872;0,00491875242783557;33;Tops;Knits;867;0;5;1;Love this t-shirt! i live in miami and have a 5 month old so i practically live in shorts and t-shirts, and this shirt fits beautifully and adds a little extra pop to your everyday t. love the material too!
16017;0,00501386170006035;53;Dresses;Dresses;1078;5;2;0;"Oh such a classic retailer look for summer! a vintage pattern on a crisp cotton fabric. i was immediately drawn to it. but wait- there is a sort of wrap around tie at the waist, creating the look of an apron. yes. it looks like one is wearing a full apron. or scrub dress. 
why?? this would have been sooo much better as a simple shift or a skirt/blouse combo."
9083;0,00501440217912564;33;Tops;Blouses;829;1;2;0;I wanted to love this top. perfect weight, length, and shape. unfortunately, the seam goes right through the bust and just does not look right. if you are tiny on top, this will be lovely on you.
12225;0,0050247090194925;53;Tops;Blouses;827;0;2;0;The top is nice, good quality, etc.... but how do you keep the 'off the shoulder' off the shoulder? mine keeps inching up until it's just a boring white top with a strange loose neckline.
7955;0,00511672903100526;42;Intimate;Intimates;88;0;4;1;I got these pretty boy shorts because i was looking for a panty that was comfy for bedtime--pretty but with a fair amount of coverage. i am really happy with them. wonderful with a tank top or chemise. i think the ruffles are a bit bulky for skinny jeans, but i love them for sleeping. they feel special.
23121;0,00512465151796357;33;Tops;Knits;863;0;4;1;Great basic item. can be worn with leggings or pants, dressed up or down, or layered on. fit and color are true to size and picture.
623;0,00513750805361418;56;Tops;Knits;872;0;4;1;This top is made from a thick, sweatshirt-type fabric, making it a nice choice for transitional weather. the details are quite unusual and lovely. i just got it and i've already worn it twice.
211;0,0051969471803196;65;Dresses;Dresses;1097;1;5;1;"Love it ! ...although i had to purchase it in 3 sizes before finding the right one. it does run large. i normally take a l or el ... but a medium in this had the perfect drape ! i am 5'11"" and 185 lbs and it is very flattering ! a perfect piece to be worn as a dress or as a tunic over skinny pants ... can be as sophisticated or casual as you choose to make it with accessories !"
5155;0,00520527291607809;38;Tops;Knits;873;6;5;1;This tank is well made and the top part is doubled (partially) so you can get away without wearing a bra (if you wish). i'm 5'1 and tried on the standard xs in store because xxs was not available. it was a little bit longer on me than on the model pictured. the pin-tucked area fit well, not too tight or loose and the bottom part was flowy which i don't mind. i expect this top to shrink in the wash a tad which would make it perfect for me. i opted for the white vs. the black because i love the pi
12533;0,00522506127088324;22;Dresses;Dresses;1094;1;5;1;This dress is amazing! i bought this dress for my daughter for her college graduation. it fits like a dream. she normally wears a size 2 but i got the 4 which was perfect. with the slightly longer length, it is very professional but with the lace cut outs is great for a party, as well. it is very flattering and well made.
3205;0,00522970142119357;23;Dresses;Dresses;1086;0;5;1;The fabric is more sweater-like than it appears in the image, but it makes the dress both cozy and comfortable. the skirt is a faux wrap that's secured at the waist by the tie. overall, the dress is high-quality, true to fit, and very flattering.
921;0,0053400641225639;36;Dresses;Dresses;1081;3;5;1;This dress has a beautiful shape. it was a onesie in a store (only one they had) and i'm glad i tried it on. usually i'm a 6 or 4. this is an 8, and it's a perfect fit. definitely size up at least one dress size. the knit shoulders are beautiful and the belt is slimming. i love the writing on it. it's a classic dress and it makes me feel beautiful and unique.
8455;0,00543380478974028;36;Dresses;Dresses;1078;0;3;1;"This dress is very cute! i loved it. the quality is excellent. however, the fit is off. i'm 5""1, 107lbs, 32c. this dress was roomy in the bust and was a little too broad shouldered. it was tight around the waist. this caused creasing and buldging in the back. the color is much more vibrant in person. i would have kept it, if it fit properly."
14468;0,00549331456214424;59;Bottoms;Pants;1056;0;3;1;"These are a great casual pants with a lot of style. my major disappointment comes from the inconsistent sizing within the size runs. i purchased a 29 in store which fit i then ordered another 29 online which did not fit, there is at least an inch difference please see photos. i then ordered a 30 online to see if that would be better and there's over 2 inches of difference within the same size run of the 30s.

who is making these pants? can't they get the pants to be the same size within the sa"
19625;0,0055628501455877;57;Tops;Blouses;842;1;5;1;"I bought this cute ruffled tank in ivory to go with a silk wrap skirt i've had. it arrived today and it fits perfect. i am 5'5"", 125 lbs and small busted 34b. i bought size small after reading the reviews and glad i did because it fits perfect. the straps are not too long (a common problem for me), it's a nice length, nipped a bit a bit at the waist with slight flare below. also it does not gap under the arms which is much appreciated. a lot of thought went into this little top. i can wear it to"
5876;0,0055736451298389;53;Tops;Fine gauge;920;0;1;0;Loved the look of the sweater and the the fit was as shown.  however this is a thin cashmere for the price.  returned.
6399;0,00563385223429432;34;Dresses;Dresses;1081;0;5;1;I loved this dress so much i got it in 2 colors. i had to send it back twice to get the size right. i ended up with a medium. the fabric was pretty wrinkly on arrival. it is dryclean only. overall it is an easy and relaxed dress appropriate for work but still very cute.
10454;0,00566577915685135;35;Tops;Blouses;820;0;5;1;I purchased this top in a great sale! fits great,true to size i am xsmall-small for reference, purchased small. i ended up putting a bandeau bra on with it to feel more comfortable. it would be great in the fall with a cardigan/ sweater, or a blazer. super cute to wear alone in summer with jeans!!
728;0,00569502760649349;53;Tops;Blouses;820;0;4;1;"I picked this tunic up on sale; it works wonderfully with several of my cardigans and vests; just add skinny jeans or leggings and some boots for a fun, super comfortable look. the sleeves are oddly extra long, but not a deal breaker as rolling them up gives that unfinished cool look. i hate ironing, but i will iron this top as its so much fun to wear. the embroidered and beaded detail is quite nice."
3763;0,00571433872113762;36;Tops;Blouses;844;0;2;0;"This blouse is so beautiful - the collar, sleeves, material...everything except the cut! it was like a tent. it needed to be more tapered, which would be easy to do while still maintaining the beautiful breezy flow, and be about two inches longer.

i had been drooling over this top for awhile and was so disappointed! please fix it and then i will buy again. i am 5'4"", 140lbs and busty...a small was perfect, with the exception of the massive amount of material."
9826;0,00571854246870024;39;Dresses;Dresses;1094;0;5;1;Another maeve maxi to add to my crowded closet! i adore the print, it reminds me of morocco. i went with my usual m based on reviews about the waistband. i will have to disagree as i should have chosen s instead. i'm not going to return it, but i think this will really stretch out because of the knit and weight of the jersey.
18963;0,00575734480327637;30;Dresses;Dresses;1078;0;5;1;"Beautiful dress; i ended up getting it in both the red and the green. the fit is absolutely perfect and it flatters pretty much any figure. one thing i would say is that you should get your exact size if possible; i ordered it online because it was so pretty in the 4p. i happened to be in the store the next week and i ttried on the 4r in the store just to see how it looked and it was awful! i was so disappointed but then my dress arrived in the mail and the 4p fit me perfectly. i'm so glad retailer"
5111;0,00578142382030208;34;Bottoms;Pants;1065;2;3;1;Material and color is nice.  the leg opening is very large.  i am 5'1 (100#) and the length hits me right above my ankle.  with a leg opening the size of my waist and hem line above my ankle, and front pleats to make me fluffy, i think you can imagine that it is not a flattering look.  if you are at least average height or taller, this may look good on you.
17523;0,00578261420022121;29;Tops;Knits;868;0;5;1;"The design of this shirt is stunning. i can't even tell you how many people complimented me on the shirt. the only thing is it does run a bit long. with it being long, it can go nicely with leggings and boots.

material is a bit thin and should be hand-washed or dry cleaned. i do wish there were more sizes in petite."
16854;0,00584685729801803;34;Intimate;Swim;378;1;5;1;I love this swisuit. it is very well made and super flattering. i've received so many compliments on it. i have 3 little kids (4, 2.5, and 7 months) so it is perfect for chasing them around at the pool or beach. i am still working on losing the baby weight, so the rusching in front works well to hide my tummy. i am 5'2 and about 116lbs and the size 4 works well. i'm hoping it will go on sale so i can buy another one, but i imagine these will sell out quickly.
2736;0,00601187708151162;48;Dresses;Dresses;1095;3;5;1;This is an adorable dress. medium weight. i highly recommend.
7178;0,00610986421497983;41;Dresses;Dresses;1094;34;5;1;"I got this dress in a petite xs. i'm 5'4"" and 110lbs. it fit just right. i usually wear a regularl xs in most brands, but with retailer, i noticed i always have to go to the petittes. anyway, the dress is super cute. love the diagonal striping and the draping is not too poofy which is great. the material is very lightweight on the bottom - which is good for spring/summer."
6019;0,00613284744574998;43;Tops;Knits;886;0;2;0;This shirt is not a good look for a gal with hips. the fit at the top is tight (i ordered a small) but there is so much material at the bottom and if you are a little taller (i am 5'7), it hits at a place that is not flattering. i was hoping for something that hung straight down and would be good with leggings. this is not it...also the material is a little stiffer then i was expecting.
7290;0,00615301441750962;64;Tops;Blouses;836;2;1;0;"I really did. here's why i just couldn't: the lace strips make it look cheap. the fabric is soft, , but the pattern is undistinguished. 
the fit is very disappointing--medium looked square and boxy, the large was massive and in both sizes the v-neck was too low to wear without a camisole underneath....which defeated the purpose."
8741;0,006171764585087;38;Dresses;Dresses;1077;0;5;1;Never would have thought i would love it so much based on the picture online but saw it in person and it's so cute!!  colors are very rich in person - even the soft pink (not a big pink gal) works so well with the other colors.  great quality with full lining.  i lucked out and picked it up for a steal on clearance with another 40% off!  just love it!!
21606;0,00620495150824271;51;Dresses;Dresses;1095;1;5;1;"This dress is even more amazing in person. the beading and embroidery are quite intricate and add a touch of elegance. the kimono like sleeves have the same details - especially nice for toasting!
be aware that the dress is not mid calf but just below the knee- a surprise but still quite lovely. the lines of the dress and exceptional detailing should make this dress a timeless classic. i look forward to wearing it to many occasions when a lbd would be just too expected!"
11364;0,00623678666881324;35;Tops;Knits;872;1;5;1;The fit and feel of this top is lovely. great shirt to layer. fits great, i get compliments every time i wear it.
11869;0,00624365657623344;58;Intimate;Legwear;225;0;5;1;These fox tights are so very cute and fun! how can you not smile when wearing these tights designed with the cutest foxes all over! they are warm too! these go great under dresses or tunics and i always get compliments when wearing them! they are a real attention getter!
23272;0,00630368779584332;22;Intimate;Intimates;32;0;4;1;I absolutely adore this set. it's beautifully constructed-- perfect for something special but comfortable enough for everyday wear. i normally wear a 32 c but got the 34 a/b and it fits perfectly. my only complaint is that the longline portion tends to ride up and rest just below the underwire, as there is no band holding the lace in place along the bottom. still, it is far and away my favourite bra and i highly recommend it.
22818;0,00633929280668508;43;Trend;Trend;1147;3;4;1;"I am going to review this pretty much the way the person ahead of me reviewed it. first, the colors are way more vibrant in person than in the photo. there is even a lavender (which you can sort of see under the yellow stripe). it really makes it look different. second, it is monstrously huge. i am 5'3"", 110 pounds and i ordered the xs and it completely swallowed me up. because of the vibrancy of the colors, it didn't blend well with my fair complexion and also, it is like a heavy sweater, not a"
18514;0,00639591232776314;57;Tops;Knits;863;19;5;1;"1. i'm 5'5"" tall, 145 lbs, and 38 (36d)-32-40 and the size l fit me perfectly. i probably could have gotten into the m, but i don't like my t's to pull under the armpits or across the bust, and this top looks like it needs room to flow.

2. the white is very sheer, but a nude bra won't show through. the navy is not see through.

3. i love the asymmetric hem in the back.

4. i'm a little concerned that the raw edge on the hem won't hold up in the wash, but i plan on hand washing these anyway, bec"
340;0,00645287103061136;62;Dresses;Dresses;1082;14;2;0;"I was a huge fan of these lovely swing dresses from last year and bought all 3 colors. when i saw this new one, i was thrilled and ordered it immediately. what a disappointment! why did isabella sinclair mess with a good thing? the fabric is a very loose weave sort of ""homespun"" look, which wouldn't be a deal breaker, but i could see it would be very vulnerable to snags. last year's styles had a removable light knit full slip that allowed the airy fabrics to move. this version is fully lined. yo"
2338;0,00654018833050849;46;Jackets;Jackets;966;4;5;1;"I love this blazer! it's so comfortable! i just wonder if the company makes more ""inserts"" in different fabrics/colors? i'd love to be able to change it up a bit."
13421;0,00660539433444511;49;Dresses;Dresses;1077;0;4;1;"This dress is adorable. i wore it one time and got so many compliments!
it's very light and comfortable. it fits like a shift should - a bit loose. i love it. wish it came in more colors!"
22810;0,00660760495170091;38;Tops;Sweaters;921;0;5;1;I can?t describe my love for this sweater! simple, to go outfit paired with jeans and boots, it?s an easy go-to sweater in a pinch on a cold day. i have sensitive skin, so i wore a tank underneath and was fine. loved getting this sweater with the extra 40% sale price! i purchased the medium (2) and it was tts.
22534;0,00664087234115888;23;Dresses;Dresses;1100;1;5;1;I'm in love with this dress! i have seen the chevron pattern of this dress on many women and i can honestly say that i haven't seen a body that it doesn't look good on. i am a busty girl and was afraid the shape of this dress would make me look as if i was expecting and much to my surprise it didn't at all. this is such a great transitional piece to have in your closet, i highly recommend it!
9163;0,00671618332511017;35;Tops;Knits;872;0;5;1;This shirt is very swingy but true to size. when i tried to size down the shoulders were too tight. the green color has great texture.
18732;0,00679028196493048;68;Dresses;Dresses;1081;2;3;0;Nice dress, but the leather seats of my car were ruined when the sharp metal beads on the back made deep scratches~ not fun at all. now i must carefully take them out, bad design feature.
7039;0,00679587967869957;32;Tops;Knits;868;14;3;0;I get that it's a swing style top and supposed to be loose but it looked so much bigger on me than on the model and just not flattering at all.
1105;0,00686441938699324;34;Jackets;Jackets;983;0;5;1;Ordered this in my normal size large in taupe. the jacket fit tts. the length was cropped but just long enough (hit just below my belly button) to feel comfortable and not too short for my 5'9 height. the quality feels good.
9428;0,0070199730141991;54;Tops;Blouses;850;0;5;1;Love this top, runs true to size. looks cute with in style army green cargo pants.  great buy at sale price.
23063;0,00703943473551662;29;Tops;Blouses;836;4;2;0;As someone with a large chest and a smaller waist, i found this top incredibly unflattering (and i like swingy tops). it was too short, too wide in the hips, and too tight in the bust. the pattern and fabric are very pretty though.
4558;0,00720877211971328;56;Tops;Sweaters;936;1;5;1;This cozy sweater looks great with skinny jeans or leggings. as a 55-year-old woman who loves retailer i'm always on the lookout for cute clothes that don't make me look like i'm trying to dress too young. this sweater is comfy and stylish and looks really classy. i wore it to a holiday party and got many compliments, which is unusual for what is basically a simple ivory sweater. it breathes, has just the right amount of room in the sleeves, and was a great purchase. i wish i had bought other colo
11063;0,00742808899557528;54;Tops;Knits;857;13;2;0;The material was thin, showed every lump you'd rather hide and clung to the body. even the sleeves were tight. looked inexpensive.
11188;0,00743473842897432;32;Tops;Knits;860;1;2;0;This is another one of those darned swing tops. i can't even with this trend. this shirt has such a nice print/color palette going on but it's ruined by the swing cut/henley combo- it looked like i was a little kid wearing an oversized men's night shirt/smock? i don't know, it was just not at all flattering. i ordered my regular size large and a medium would have worked and probably still been generously cut. i disagree with a reviewer who said it might work for larger sizes.. this just made my
6041;0,00763135585161797;41;Tops;Fine gauge;903;2;5;1;Just purchased this lovely sweater over the weekend during the 25% off sale. i went in to buy the rona sweater in grey (which i think is the same style with different name) but it was all sold out! the sa pointed me to a rack of these sweaters and i am happy with this choice! the back print is really cute and the sweater design and color is very flattering. it goes well with pants or skirt, and the front is not as short as i had imagined the rona sweater to be.
947;0,00768415272245007;55;Tops;Knits;868;0;3;1;"I love the color (coral/pink) and the open shoulder design of this top, but it's too blousy at the bottom (way too much fabric). i ordered a small. i am 5'4"" and 120 lbs. i might try an xs if they still have them in stock. fabric is comfortable. the ties on the sleeves add a special touch."
1019;0,00772464702874742;21;Tops;Knits;862;6;5;1;I love this comfy top, and if it couldn't get any better, the pleated back makes it extra special! it is easy to thrown on and still feel put together. i purchased this top in the green and i'm absolutely enthralled by the rich color! i do agree that the quality of the pleats could be slightly better, however i believe it's up to par with the price point. i typically wear an xs/xsp and ultimately decided to go with a small for a more oversized tunic top look, but otherwise i'd go for your normal
2704;0,00774856952424055;63;Tops;Sweaters;945;0;5;1;Perfect way to add warmth in transition weather
8391;0,00777944883918452;32;Tops;Blouses;828;3;5;1;I absolutely love this top! it is soft, comfortable and perfectly flowy. this is definitely my favorite go to casual summer top.
4371;0,00780801105904423;33;Intimate;Layering;227;3;3;1;I love the way the mock neck style looks, but the shirt is cut very small. i realize it's supposed to stretch, but it's still very, very tight on, particularly in the shoulder area. if you like the style, i'd recommend sizing up.
890;0,00784432072484006;38;Dresses;Dresses;1094;1;4;1;"I ordered this online in red. i would definitely say this color is more of an orange-red. i like the weight and the cut. i keep wishing the material was a soft modal vs what it is. the ribbing up top does not bother me but it definitely does make it a casual dress. (which is what i wanted so i'm happy with it) 

it fits me nicely, the straps (for me) could be a hare shorter to fit perfectly. that being said, i'm 5'5"" and have a thin build. small bust. i would say there is a some leeway for 1 s"
22003;0,00803650737300665;33;Bottoms;Pants;1056;5;1;0;I bought a pair of these a month ago and first time i washed them they came out with light spots all down the leg. i figured i did something wrong so i bought another pair in the same color and one in sage. just washed both pairs according to care instructions (no spills, stain remover, or anything but detergent) and both came out with light spots all down the leg. very sad to have wasted all that money.
4291;0,00820391183751894;53;Tops;Knits;873;1;4;1;I ordered one size down and it's still plenty roomy. as others have said, the sleeves are a tighter fit, but there is a tiny bit of stretch to the fabric. i'm smaller busted and didn't want the v-neck to get too low, so i sized down one. very cute tucked into jeans or paired with leggings.
18770;0,00831202090071289;33;Bottoms;Pants;1056;1;5;1;I love these pilcro pants. i had them in two colors, both beige and khaki. super comfy, and they stretch out a little around the waist with wearing. however, i recently ruined both sets in the wash because i used a stain-stick remover to try to get some grease spots out of them. the stain stick instead lifted the dye off of them! now i have two sets of pants with odd light splotches on them...so sad they aren't more color-fast :(
20511;0,00845746170610815;41;Dresses;Dresses;1080;0;4;1;I love this dress. it fits perfect (i'm 5,3, 108 and ordered xs)i think the off white stone color is true to the picture. i will be wearing this dress as my wedding dress for our small intimidate wedding. i can't wait.
6790;0,00854372628253182;41;Bottoms;Pants;1060;0;5;1;The fabric and design of this piece are so unique.  i am skeptical of wide leg designs in product photos because the fabric is often much more voluminous irl than it appears, which is the case for this jumpsuit.  despite the extra volume, the fabric weight gives it a structured look which makes the wide legs look fantastic on.  there is a silicon grip band around the top that allows you to wear it strapless, though it doesn't seem very functional to me without boning or more structure to the sid
13311;0,00854651319508229;46;Dresses;Dresses;1081;0;5;1;Perfect except a little snug around the hips. very forgiving silhouette.
11036;0,00872529623527033;37;Tops;Sweaters;937;1;1;0;I stalked this sold out product for weeks hoping my size would become available. when it did, i was very excited, in fact i ordered both a s and xs to be sure one sweater would fit me! unfortunately, neither did and i felt the actual sweater was not as pictured. the sweater has an overall baggy fit and the cutouts don't fall as neatly and as evenly on both shoulders as the picture shows, making the look a bit sloppy in my opinion. it is such a shame as this look is very of the moment and the mod
22449;0,00872856739077368;31;Dresses;Dresses;1104;0;4;1;"This dress fits well and is comfortable. my only reflection is that i am 5'9"" and it hits at my mid shin, rather than where it appears on the model."
2699;0,0089278343356976;49;Tops;Sweaters;949;0;5;1;Love this poncho - plan to take it to europe this fall. warm and cozy yet not constricting. great neutral color!
1223;0,00896708636814736;48;Tops;Knits;873;0;5;1;Nice non clingy cut. has details so more than a basic t-shirt.
16749;0,00902898543336953;39;Dresses;Dresses;1094;4;5;1;I almost did not buy this dress because of the poly/rayon construction but i saw some sweet styling on instagram that got me hooked. the dress is silky soft and a bit oversized as i purchased the smallest of my size range. looks very swingy and free spirited when worn loose. cinch the string tie or add a wide belt for a defined waist and beautiful full skirt. i have many outfits in mind for this perfect fall dress, i'm excited to start wearing it! my weight has been fluctuating, so right now i'm
15257;0,00903576721660321;24;Jackets;Jackets;964;2;4;1;I got this jacket thinking it was going to look different on me. while i ended up returning it, it fit me nicely and was good quality. it just wasn't the look i was going for.
7548;0,00911802634855757;37;Bottoms;Jeans;1037;0;4;1;Great leggings! they're well made and comfortable to wear. my only complaint is that they seem to be stretching just a little and don't fit perfectly.
18212;0,00912575680919013;41;Dresses;Dresses;1100;0;5;1;I broke my rule of not buying polyester for this dress, twice (helped by sale price with additional percent off promo). it's mainly the irresistible print, i bought it in both the lovely blue-pink floral and the patterned red. love it. works best when the weather is in upper 60s, with tights and boots, but i think it will also work with bare legs and clunky sandals when the weather is warmer. the fit is loose except for in the chest and shoulders, so don't size down. i do wish the fabric was not
4984;0,0091366397335785;46;Tops;Blouses;829;3;1;0;This top was a big disappointment. i ordered two of the grey motif with the print of the forest animals in size 16. neither of them fit well, but one was cut much smaller than the other. i've had this problem with all of the numerically-sized buttondown style of maeve tops. i don't understand why in size 14 & 16, this keeps happening. that's why i purchase two of each. usually one fits and the other doesn't. this time, unfortunately, neither worked. they both were too tight in the arms/shoulders
15114;0,0091950880561485;55;Dresses;Dresses;1080;0;4;1;Cute, comfortable, easy to wear, even on my hourglass figure. can't decide the best shoes to wear with this - so it doesn't look frumpy.
10763;0,00921590030363067;29;Tops;Knits;877;0;2;0;"I&#39;m taller (5&#39;8), so it&#39;s not uncommon for things to be too short on me, but this was really short for the style.  it was very wide and loose all over in my usual size - both up top and in the wavy part below.  the style really just did not work with the length.  it looked very odd."
22001;0,00931906508369307;26;Tops;Sweaters;936;1;5;1;"I was able to purchase this on sale and i'm so glad i did. i usually go between a size s and m (133 lbs., 5' 5"", 34 d) but the small fits perfectly. the color really isn't dark orange as stated......kind of a cross between rose/pale red/ salmon but i really love the color. it's not super heavy weight but not really thin either....actually perfect!"
16726;0,00934561507277397;52;Bottoms;Pants;1056;0;5;1;These pants are a great fit. perfect for the in-between seasons. casual comfortable but look very nice and polished when worn. a practical steal at retailer's sale prices.
3161;0,00934889490465371;56;Tops;Blouses;835;25;3;0;"Tried this lovely with high waste, wide leg, black flowy pants. everything i could hope for and more, but not quite!

size: blindly ordered size 6. i'm usually a small, occasionally xs in retailer brands like floreat and akemi+kin. i'm 5'5"" tall, 130 lbs, 34d, 35-29-37, long torso, narrow shoulders, and short arms.

fit: size 6 had just enough space through the bust. the lace edged sleeves were roomy and just reached my wrists. the shoulders were just right. extra fabric ballooned out around t"
5631;0,00935040307059551;45;Tops;Blouses;829;1;5;1;"I looked at this on the hanger and almost passed it up. i'm so glad i didn't because it ended up looking so much better on. i wear a s or xs in retailer tops and went with the xs. i'm 5'6"" and it still had plenty of room and enough length to cover my backside. i usually gravitate to reds but the red in this top, while pretty, had too much pink in it for me."
7083;0,00936855869773969;27;Tops;Fine gauge;907;0;4;1;I purchased this sweater in the grey color and loved it so much i decided to buy it in purple as well. however, when i received it, the color was much much darker than pictured and even looked black sometimes. decided to return :/
9920;0,00942991928050404;59;Dresses;Dresses;1078;2;5;1;This dress is even better in person! i am usually a size 2 and i went up to a 4. it is my favorite dress this spring! it is so cute with booties or sandals. i would say that it runs slightly small, so you should get the next size up if you're busty or have hips. it has been selling fast, you should get it while you can! :)
1300;0,00943969088118741;40;Tops;Knits;863;0;5;1;I'm a big fan of left of center as a brand, and this top is definitely a winner!  the deep green is gorgeous and looks fantastic with denim. the shirt is true to size and is flatteringly loose without looking too tent-like. highly recommend!
10547;0,00947989889012772;44;Tops;Knits;869;3;5;1;I can't say enough about this top! absolutely adorable, the pics don't do it justice. it is made of a soft, medium weight jersey material. the lace makes the top more dressey and unique. the drop waiste elongatesy our torso and is loose pleated at the bottom for interest. i am 5'6'', 135 pounds, and long waisted. this fits me perfect (sz small.) the pleated bottom on me begins at low hips (below belly button) so it layes nice and is very flattering. no swing to the top,no bulky extra flare at al
3356;0,00955081057154684;26;Tops;Sweaters;933;1;2;0;I want to be the person who lounges like the model...but this was huge and more wool-feeling than the lightweight shawl i was hoping for. i am an 8, got the xs/s it was the right size....i returned it.
23216;0,00957250831327719;25;Tops;Fine gauge;906;0;3;0;I really wanted to love this sweater after reading the reviews but when i received it i was sadly disappointed. it is pretty boxy and not much shape. could be cute for casual outfits but i was looking for some dressier sweaters.
5474;0,0095728522686702;26;Bottoms;Jeans;1022;0;5;1;"My favorite pair of ags. i normally wear sz26 but i have awkward proportions when it comes to finding jeans that are actually ""ankle"" length on me. i orders these in a petite and went a size up to be safe. it doesn't seem like they've stretch out any and they fit exactly how i want. i love the dark wash bc they can be both dressed up and down."
7922;0,00959419128813623;29;Tops;Knits;866;0;5;1;I like that you can dress this shirt up or down. go out, or lounge in it! very comfortable and i would recommend buying it.
12012;0,0096349218505332;35;Dresses;Dresses;1078;3;3;0;I tried this dress on in the store, prepared to buy this lovely piece. i feel that it should have been a few inches longer, it would look more proportionate. next, the tie is really difficult to place, but it creates some great detail to the front and back. it wrinkles easily, i can see it would need to be ironed before each wear. lastly it is not lined, what a bummer, at least the skirt could be lined. but, it does have pockets, that is sweet.
22326;0,00966501603089129;43;Jackets;Outerwear;1126;1;3;1;"I'm all over this trend, but this vest is quite thick/poufy, and on me i feel like it triangles out and all you see is furball. i love it - but i think you need some height for this to look its best. on me, a sweater vest would perhaps be better. i am chesty. but i cant decide. its really cute! if you're taller than 5'4"" don't hesitate."
16735;0,00980041168548921;28;Dresses;Dresses;1081;2;5;1;I bought this mainly because i have a similar one in the mustard colorway and i love how this flows. the color is definitely one you don't see a lot of, which is what makes it special. i could see it running a tad large, but i think it's pretty true to size. now i'm debating about buying it in blush!
5488;0,00982686054491952;62;Jackets;Jackets;974;13;4;1;"This is a very nice jacket in a pretty textured fabric. it seems to fit tts, and the cut is very flattering. however - the ""white"" is actually ivory. not a big deal, unless you were trying to match an outfit with pure white in it. still on the fence about whether to keep it or not."
1051;0,00982845929554794;28;Jackets;Outerwear;1131;0;2;0;I wanted to like this coat so bad! i loved the bright red color and design, but when i received it, it seemed very cheap and just too large. i returned it.
15753;0,00985480522673412;39;Tops;Blouses;824;1;5;1;I, sadly, only noticed this top once on sale. i tried on the xs and it was just a bit big, i would need the petite, so i had to leave it behind (115 lbs, 30dd) - but it is adorable, can be dressed up and classy, casually with jeans, or sweetly, so many ways... love the subtle polka dots... oh well, i am sure i will find something similar i love!
6085;0,00992158423734035;58;Tops;Sweaters;949;0;5;1;I bought this as a birthday gift for my daughter, and i am so glad i did. the colors are beautiful, and the material is so soft. i'm sure she's going to love it!
17268;0,0100586525956573;74;Tops;Knits;873;3;5;1;"I have purchased many of retailer's henley tees throughout the years. this one is a bit special and just so feminine i had to get it black in my local store. i love the look of the crisp, white, but it was too sheer to wear to work without a cami, and i cannot layer camis in once it gets hot.

anyhow, this shirt is made in my favorite spring/summer tee shirt fabric: 100%s linen. linen gets so soft and drapey over time. the yoke is lace. the arms have a small ruching that is sewn, not buttoned up l"
11591;0,0102737916531001;60;Tops;Sweaters;927;0;4;1;I like this sweater, but it was like others i owned so i returned it. it is good quality and fits well.
10242;0,0103332606517282;36;Dresses;Dresses;1072;0;5;1;"I love this dress. the pattern is fun, the style is relaxed and breezy for spring/summer, and it is well-made. a steal at the sale price! also, it has pockets :) a huge plus for me. since it is a loose-fitting style, i would say it run just a tad big. i bought the s petite and i am 5'4"" 115lbs. i could've gone xs petite ...but the s fits well and looks great. the pattern is stunning. a great addition to my summer wardrobe. i thought about pairing it with a fitted white pant, but it hits me right"
1994;0,0103404631718113;56;Tops;Knits;873;0;5;1;Fun pattern which goes with just about anything. cool for summer.  very comfortable.  fitted style but true to size.
1809;0,0104472503742166;31;Tops;Knits;864;0;4;1;Very flattering fit. a little billowy but i'm okay with that because it hides my stomach. have to wear a camisole underneath as you can see through the lacey parts. overall i love the shirt design, fabric and fit.
1394;;26;Jackets;Outerwear;0;0;5;1;
20668;;39;Tops;Sweaters;6;0;5;1;
7284;;39;Intimate;Swim;24;0;5;1;
1042;;48;Intimate;Swim;31;0;5;1;
22445;;20;Bottoms;Shorts;36;0;5;1;
18336;;64;Intimate;Intimates;38;0;5;1;
2150;;27;Intimate;Intimates;42;0;5;1;
15997;;27;Bottoms;Casual bottoms;54;0;5;1;
8807;;37;Intimate;Layering;61;0;2;0;
18690;;42;Intimate;Layering;61;0;5;1;
6552;;37;Intimate;Sleep;64;0;5;1;
17472;;34;Intimate;Legwear;77;0;5;1;
8271;;64;Intimate;Intimates;92;0;5;1;
16743;;29;Intimate;Sleep;97;0;4;1;
13205;;34;Intimate;Intimates;102;0;5;1;
12324;;55;Intimate;Sleep;116;0;5;1;
22824;;37;Bottoms;Shorts;132;0;5;1;
22984;;51;Bottoms;Shorts;133;0;5;1;
9422;;38;Intimate;Layering;143;0;5;1;
14054;;46;Intimate;Sleep;147;0;5;1;
6557;;44;Intimate;Layering;166;0;5;1;
8772;;61;Intimate;Legwear;169;0;5;1;
12681;;24;Intimate;Legwear;169;0;5;1;
16553;;42;Intimate;Legwear;169;0;5;1;
16919;;38;Intimate;Legwear;169;0;5;1;
18525;;33;Bottoms;Shorts;177;0;5;1;
12059;;40;Intimate;Legwear;188;0;5;1;
2273;;40;Intimate;Lounge;194;0;4;1;
7509;;40;Intimate;Layering;205;0;5;1;
22639;;51;Intimate;Sleep;226;0;2;0;
19854;;31;Intimate;Sleep;231;0;5;1;
7892;;33;Intimate;Swim;234;0;5;1;
520;;43;Intimate;Swim;240;0;4;1;
2169;;50;Intimate;Sleep;244;0;5;1;
10350;;35;Intimate;Swim;252;0;4;1;
2626;;35;Intimate;Swim;254;0;4;1;
22840;;43;Intimate;Lounge;256;0;5;1;
9061;;35;Intimate;Sleep;259;0;1;0;
19300;;56;Intimate;Lounge;260;0;5;1;
901;;45;Intimate;Sleep;267;0;5;1;
2329;;62;Intimate;Lounge;279;0;5;1;
12062;;36;Intimate;Intimates;284;0;1;0;
9390;;35;Intimate;Swim;291;0;4;1;
12246;;27;Intimate;Lounge;300;0;5;1;
15271;;38;Intimate;Swim;302;0;5;1;
17745;;32;Intimate;Swim;302;0;5;1;
8188;;38;Intimate;Swim;315;0;4;1;
22852;;57;Bottoms;Shorts;332;0;5;1;
21808;;39;Bottoms;Shorts;333;0;3;1;
9951;;34;Intimate;Lounge;337;0;4;1;
16193;;28;Intimate;Swim;342;0;5;1;
20314;;37;Intimate;Sleep;351;0;3;1;
4821;;35;Bottoms;Shorts;357;0;4;1;
14650;;36;Intimate;Intimates;361;0;4;1;
1016;;40;Intimate;Lounge;370;0;5;1;
16499;;41;Intimate;Sleep;379;0;4;1;
6618;;32;Intimate;Swim;380;0;5;1;
14778;;30;Intimate;Swim;382;0;5;1;
18711;;30;Intimate;Swim;394;0;5;1;
17860;;32;Intimate;Swim;396;0;5;1;
11289;;55;Intimate;Intimates;411;0;5;1;
21249;;31;Intimate;Lounge;422;0;5;1;
13536;;48;Bottoms;Shorts;447;0;5;1;
7165;;44;Bottoms;Shorts;456;0;4;1;
14302;;39;Intimate;Legwear;457;0;5;1;
20617;;28;Intimate;Swim;459;0;5;1;
12408;;58;Bottoms;Pants;472;0;5;1;
7349;;50;Intimate;Lounge;482;0;1;0;
22325;;48;;;492;0;5;1;
688;;48;Intimate;Lounge;498;0;2;0;
16866;;34;Intimate;Lounge;498;0;4;1;
13438;;43;Intimate;Sleep;508;0;5;1;
16577;;50;Intimate;Sleep;509;0;5;1;
6516;;30;Intimate;Layering;520;0;5;1;
4143;;35;Intimate;Lounge;539;0;5;1;
4803;;39;Intimate;Swim;544;0;4;1;
22206;;41;Intimate;Layering;547;0;5;1;
3355;;41;Intimate;Layering;558;0;5;1;
19659;;26;Intimate;Layering;574;0;4;1;
425;;39;Bottoms;Shorts;602;0;5;1;
18392;;30;Bottoms;Shorts;602;0;5;1;
1308;;40;Bottoms;Shorts;607;0;3;0;
2096;;28;Intimate;Swim;618;0;5;1;
17529;;28;Intimate;Lounge;622;0;4;1;
18998;;26;Intimate;Lounge;622;0;4;1;
13208;;53;Intimate;Lounge;623;0;4;1;
1098;;37;Intimate;Lounge;663;0;4;1;
23030;;27;Intimate;Lounge;688;0;4;1;
1149;;49;Intimate;Lounge;713;0;5;1;
1697;;40;Intimate;Lounge;715;0;5;1;
8919;;31;Intimate;Lounge;715;0;4;1;
7415;;47;Bottoms;Shorts;717;0;2;0;
21538;;30;Intimate;Lounge;731;0;5;1;
22761;;33;Intimate;Lounge;761;0;5;1;
14159;;35;Intimate;Sleep;786;0;4;1;
8457;;55;Tops;Blouses;815;0;4;1;
20265;;35;Tops;Blouses;815;0;5;1;
22604;;50;Tops;Blouses;818;0;5;1;
6811;;36;Tops;Blouses;819;0;5;1;
8106;;48;Tops;Blouses;819;0;5;1;
10605;;40;Tops;Blouses;819;0;5;1;
17885;;35;Tops;Blouses;819;0;5;1;
22729;;43;Tops;Blouses;819;0;3;0;
2509;;51;Tops;Blouses;820;0;5;1;
4400;;46;Tops;Blouses;820;0;4;1;
6080;;56;Tops;Blouses;820;0;5;1;
12075;;44;Tops;Blouses;820;0;4;1;
13372;;32;Tops;Blouses;820;0;5;1;
17536;;45;Tops;Blouses;820;0;5;1;
19930;;31;Tops;Blouses;820;0;1;0;
21475;;32;Tops;Blouses;820;0;5;1;
21994;;37;Tops;Blouses;820;0;5;1;
1175;;34;Tops;Blouses;822;0;5;1;
3733;;46;Tops;Blouses;822;0;5;1;
5537;;52;Tops;Blouses;822;0;5;1;
14075;;39;Tops;Blouses;823;0;2;0;
14093;;46;Tops;Blouses;823;0;5;1;
19485;;27;Tops;Blouses;823;0;5;1;
13875;;36;Tops;Blouses;824;0;5;1;
14043;;43;Tops;Blouses;824;0;4;1;
15105;;58;Tops;Blouses;824;0;5;1;
20246;;53;Tops;Blouses;824;0;5;1;
21680;;44;Tops;Blouses;824;0;4;1;
21701;;37;Tops;Blouses;824;0;5;1;
5117;;34;Tops;Blouses;825;0;5;1;
10280;;44;Tops;Blouses;825;0;5;1;
13572;;29;Tops;Blouses;825;0;5;1;
15870;;25;Tops;Blouses;825;0;4;1;
14565;;43;Tops;Blouses;826;0;4;1;
124;;39;Tops;Blouses;828;0;5;1;
1481;;46;Tops;Blouses;828;0;5;1;
1949;;37;Tops;Blouses;828;0;5;1;
2556;;36;Tops;Blouses;828;0;5;1;
4279;;46;Tops;Blouses;828;0;5;1;
7497;;38;Tops;Blouses;828;0;5;1;
7948;;53;Tops;Blouses;828;0;5;1;
9451;;25;Tops;Blouses;828;0;4;1;
10591;;57;Tops;Blouses;828;0;4;1;
15701;;40;Tops;Blouses;828;0;5;1;
15939;;25;Tops;Blouses;828;0;5;1;
19490;;65;Tops;Blouses;828;0;5;1;
4219;;44;Tops;Blouses;829;0;3;0;
4509;;32;Tops;Blouses;829;0;5;1;
4898;;32;Tops;Blouses;829;0;3;0;
6565;;33;Tops;Blouses;829;0;5;1;
7321;;66;Tops;Blouses;829;0;5;1;
11217;;33;Tops;Blouses;829;0;5;1;
14493;;36;Tops;Blouses;829;0;4;1;
15398;;46;Tops;Blouses;829;0;5;1;
15781;;32;Tops;Blouses;829;0;4;1;
17214;;68;Tops;Blouses;829;0;5;1;
18126;;66;Tops;Blouses;829;0;5;1;
19299;;35;Tops;Blouses;829;0;3;0;
20130;;43;Tops;Blouses;829;0;5;1;
21126;;57;Tops;Blouses;829;0;5;1;
21299;;40;Tops;Blouses;829;0;5;1;
4544;;38;Tops;Blouses;830;0;3;0;
7947;;64;Tops;Blouses;830;0;1;1;
13646;;41;Tops;Blouses;830;0;5;1;
15659;;53;Tops;Blouses;830;0;5;1;
15893;;64;Tops;Blouses;830;0;5;1;
17223;;51;Tops;Blouses;830;0;4;1;
17516;;47;Tops;Blouses;830;0;4;1;
8933;;46;Tops;Blouses;831;0;4;1;
9885;;37;Tops;Blouses;831;0;5;1;
16116;;34;Tops;Blouses;831;0;5;1;
22721;;55;Tops;Blouses;831;0;4;1;
22790;;38;Tops;Blouses;831;0;5;1;
23065;;27;Tops;Blouses;831;0;3;1;
5178;;42;Tops;Blouses;833;0;4;1;
5192;;36;Tops;Blouses;833;0;3;0;
11426;;57;Tops;Blouses;833;0;4;1;
15695;;65;Tops;Blouses;833;0;1;0;
18710;;53;Tops;Blouses;833;0;5;1;
4611;;70;Tops;Blouses;834;0;5;1;
9647;;26;Tops;Blouses;834;0;5;1;
11792;;52;Tops;Blouses;834;0;5;1;
18009;;43;Tops;Blouses;834;0;5;1;
19053;;70;Tops;Blouses;834;0;5;1;
22946;;42;Tops;Blouses;834;0;5;1;
22993;;55;Tops;Blouses;834;0;5;1;
2909;;68;Tops;Blouses;835;0;3;1;
19400;;37;Tops;Blouses;835;0;5;1;
2587;;33;Tops;Blouses;836;0;4;1;
4171;;65;Tops;Blouses;836;0;5;1;
9908;;32;Tops;Blouses;836;0;5;1;
10548;;54;Tops;Blouses;836;0;5;1;
12934;;68;Tops;Blouses;836;0;4;1;
15156;;52;Tops;Blouses;836;0;3;1;
20947;;36;Tops;Blouses;836;0;5;1;
23331;;55;Tops;Blouses;836;0;1;0;
15990;;44;Tops;Blouses;839;0;5;1;
3026;;38;Tops;Blouses;840;0;5;1;
10254;;40;Tops;Blouses;848;0;4;1;
1164;;34;Tops;Blouses;850;0;5;1;
1239;;25;Tops;Blouses;850;0;5;1;
2101;;59;Tops;Blouses;850;0;5;1;
2260;;33;Tops;Blouses;850;0;4;1;
3905;;37;Tops;Blouses;850;0;5;1;
3906;;55;Tops;Blouses;850;0;4;1;
5097;;39;Tops;Blouses;850;0;5;1;
5835;;37;Tops;Blouses;850;0;5;1;
8116;;36;Tops;Blouses;850;0;5;1;
8497;;37;Tops;Blouses;850;0;5;1;
11024;;49;Tops;Blouses;850;0;4;1;
11595;;47;Tops;Blouses;850;0;5;1;
12272;;42;Tops;Blouses;850;0;4;1;
18304;;57;Tops;Blouses;850;0;5;1;
10848;;50;Tops;Blouses;852;0;3;0;
2685;;36;Tops;Knits;854;0;5;1;
4732;;34;Tops;Knits;854;0;5;1;
5406;;52;Tops;Knits;854;0;5;1;
6841;;37;Tops;Knits;854;0;4;1;
7103;;27;Tops;Knits;854;0;4;1;
20254;;39;Tops;Knits;854;0;4;1;
23276;;61;Tops;Knits;854;0;4;1;
2949;;22;Tops;Knits;857;0;5;1;
5642;;42;Tops;Knits;857;0;4;1;
7587;;36;Tops;Knits;857;0;5;1;
9559;;35;Tops;Knits;857;0;4;1;
20432;;36;Tops;Knits;857;0;5;1;
17811;;45;Tops;Knits;859;0;5;1;
4855;;63;Tops;Knits;860;0;1;0;
7181;;42;Tops;Knits;860;0;4;1;
8784;;42;Tops;Knits;860;0;5;1;
9332;;28;Tops;Knits;860;0;5;1;
10704;;39;Tops;Knits;860;0;5;1;
11881;;39;Tops;Knits;860;0;5;1;
12588;;38;Tops;Knits;860;0;4;1;
14190;;30;Tops;Knits;860;0;5;1;
15506;;33;Tops;Knits;860;0;5;1;
19322;;57;Tops;Knits;860;0;5;1;
19469;;46;Tops;Knits;860;0;5;1;
22087;;46;Tops;Knits;860;0;5;1;
2091;;41;Tops;Knits;861;0;5;1;
2352;;23;Tops;Knits;861;0;5;1;
4553;;37;Tops;Knits;861;0;5;1;
8920;;35;Tops;Knits;861;0;4;1;
10056;;30;Tops;Knits;861;0;4;1;
11581;;31;Tops;Knits;861;0;4;1;
12547;;53;Tops;Knits;861;0;5;1;
13302;;34;Tops;Knits;861;0;5;1;
13368;;45;Tops;Knits;861;0;4;1;
13793;;44;Tops;Knits;861;0;4;1;
18100;;60;Tops;Knits;861;0;5;1;
18611;;34;Tops;Knits;861;0;5;1;
20885;;47;Tops;Knits;861;0;5;1;
22497;;34;Tops;Knits;861;0;5;1;
22957;;28;Tops;Knits;861;0;3;1;
23463;;33;Tops;Knits;861;0;5;1;
368;;42;Tops;Knits;862;0;5;1;
1225;;35;Tops;Knits;862;0;5;1;
1640;;52;Tops;Knits;862;0;5;1;
1955;;42;Tops;Knits;862;0;5;1;
4069;;63;Tops;Knits;862;0;3;0;
5257;;35;Tops;Knits;862;0;4;1;
5660;;28;Tops;Knits;862;0;5;1;
6818;;35;Tops;Knits;862;0;4;1;
7006;;37;Tops;Knits;862;0;5;1;
8571;;45;Tops;Knits;862;0;5;1;
9089;;32;Tops;Knits;862;0;5;1;
9656;;51;Tops;Knits;862;0;5;1;
11117;;48;Tops;Knits;862;0;5;1;
12674;;49;Tops;Knits;862;0;4;1;
13443;;35;Tops;Knits;862;0;5;1;
13902;;39;Tops;Knits;862;0;3;1;
14109;;30;Tops;Knits;862;0;5;1;
15088;;48;Tops;Knits;862;0;5;1;
16573;;38;Tops;Knits;862;0;5;1;
16890;;44;Tops;Knits;862;0;4;1;
17835;;30;Tops;Knits;862;0;5;1;
18789;;62;Tops;Knits;862;0;5;1;
18861;;60;Tops;Knits;862;0;3;0;
20437;;61;Tops;Knits;862;0;4;1;
22144;;40;Tops;Knits;862;0;5;1;
22438;;37;Tops;Knits;862;0;1;0;
22865;;33;Tops;Knits;862;0;4;1;
23048;;38;Tops;Knits;862;0;5;1;
131;;54;Tops;Knits;863;0;5;1;
790;;68;Tops;Knits;863;0;5;1;
1862;;38;Tops;Knits;863;0;5;1;
2154;;39;Tops;Knits;863;0;5;1;
3725;;59;Tops;Knits;863;0;5;1;
11043;;52;Tops;Knits;863;0;5;1;
14654;;51;Tops;Knits;863;0;5;1;
16634;;53;Tops;Knits;863;0;4;1;
17574;;57;Tops;Knits;863;0;1;0;
18716;;24;Tops;Knits;863;0;4;1;
19556;;36;Tops;Knits;863;0;5;1;
19794;;34;Tops;Knits;863;0;4;1;
20955;;45;Tops;Knits;863;0;5;1;
21855;;57;Tops;Knits;863;0;4;1;
22055;;39;Tops;Knits;863;0;5;1;
1515;;37;Tops;Knits;864;0;5;1;
2773;;34;Tops;Knits;864;0;5;1;
10045;;39;Tops;Knits;864;0;5;1;
20607;;53;Tops;Knits;864;0;5;1;
373;;52;Tops;Knits;865;0;5;1;
5172;;42;Tops;Knits;865;0;4;1;
10865;;46;Tops;Knits;865;0;5;1;
11380;;40;Tops;Knits;865;0;5;1;
13788;;57;Tops;Knits;865;0;5;1;
19440;;30;Tops;Knits;865;0;2;0;
21534;;26;Tops;Knits;865;0;5;1;
4415;;48;Tops;Knits;866;0;5;1;
8806;;21;Tops;Knits;866;0;4;1;
11062;;47;Tops;Knits;866;0;4;1;
16097;;33;Tops;Knits;866;0;4;1;
17804;;36;Tops;Knits;866;0;5;1;
18450;;30;Tops;Knits;866;0;4;1;
21893;;40;Tops;Knits;866;0;5;1;
1268;;38;Tops;Knits;867;0;3;0;
2002;;44;Tops;Knits;867;0;5;1;
3694;;37;Tops;Knits;867;0;4;1;
5099;;36;Tops;Knits;867;0;5;1;
5864;;53;Tops;Knits;867;0;5;0;
6118;;25;Tops;Knits;867;0;4;1;
7170;;41;Tops;Knits;867;0;5;1;
9400;;34;Tops;Knits;867;0;5;1;
9883;;71;Tops;Knits;867;0;4;1;
12080;;39;Tops;Knits;867;0;5;1;
12851;;43;Tops;Knits;867;0;5;1;
19313;;47;Tops;Knits;867;0;5;1;
19665;;25;Tops;Knits;867;0;4;1;
20367;;34;Tops;Knits;867;0;5;1;
20752;;39;Tops;Knits;867;0;4;1;
21410;;50;Tops;Knits;867;0;5;1;
21803;;37;Tops;Knits;867;0;4;1;
23086;;64;Tops;Knits;867;0;5;1;
424;;67;Tops;Knits;868;0;5;1;
1867;;35;Tops;Knits;868;0;5;1;
2896;;34;Tops;Knits;868;0;3;1;
3064;;40;Tops;Knits;868;0;5;1;
4570;;61;Tops;Knits;868;0;5;1;
7902;;40;Tops;Knits;868;0;4;1;
11257;;42;Tops;Knits;868;0;5;1;
11858;;36;Tops;Knits;868;0;3;1;
12491;;70;Tops;Knits;868;0;5;1;
12539;;30;Tops;Knits;868;0;5;1;
13039;;41;Tops;Knits;868;0;4;1;
13693;;35;Tops;Knits;868;0;4;1;
14796;;44;Tops;Knits;868;0;5;1;
17825;;52;Tops;Knits;868;0;4;1;
19102;;60;Tops;Knits;868;0;4;1;
19634;;61;Tops;Knits;868;0;5;1;
7410;;32;Tops;Knits;869;0;5;1;
14593;;35;Tops;Knits;869;0;5;1;
16943;;42;Tops;Knits;869;0;5;1;
20200;;36;Tops;Knits;869;0;5;1;
8437;;51;Tops;Knits;870;0;5;1;
18577;;30;Tops;Knits;870;0;5;1;
1499;;49;Tops;Knits;871;0;5;1;
5413;;34;Tops;Knits;871;0;4;1;
8640;;70;Tops;Knits;871;0;2;0;
22522;;50;Tops;Knits;871;0;2;0;
2285;;47;Tops;Knits;872;0;5;1;
2460;;36;Tops;Knits;872;0;5;1;
3847;;65;Tops;Knits;872;0;5;1;
4166;;41;Tops;Knits;872;0;4;1;
5754;;52;Tops;Knits;872;0;4;1;
6858;;45;Tops;Knits;872;0;5;1;
6882;;28;Tops;Knits;872;0;5;1;
8105;;67;Tops;Knits;872;0;4;1;
8347;;26;Tops;Knits;872;0;3;0;
8528;;45;Tops;Knits;872;0;5;1;
11010;;37;Tops;Knits;872;0;5;1;
12283;;42;Tops;Knits;872;0;5;1;
12635;;47;Tops;Knits;872;0;5;1;
13959;;27;Tops;Knits;872;0;5;1;
16420;;23;Tops;Knits;872;0;5;1;
17476;;68;Tops;Knits;872;0;5;1;
19328;;36;Tops;Knits;872;0;5;1;
19384;;42;Tops;Knits;872;0;4;1;
19493;;29;Tops;Knits;872;0;5;1;
20285;;28;Tops;Knits;872;0;4;1;
21028;;63;Tops;Knits;872;0;5;1;
21158;;37;Tops;Knits;872;0;4;1;
22175;;52;Tops;Knits;872;0;5;1;
22890;;26;Tops;Knits;872;0;4;1;
23018;;46;Tops;Knits;872;0;4;1;
23139;;40;Tops;Knits;872;0;5;1;
1137;;55;Tops;Knits;873;0;5;1;
1373;;35;Tops;Knits;873;0;3;1;
1544;;54;Tops;Knits;873;0;5;1;
2007;;21;Tops;Knits;873;0;5;1;
4765;;41;Tops;Knits;873;0;4;1;
6705;;33;Tops;Knits;873;0;5;1;
8393;;31;Tops;Knits;873;0;5;1;
13146;;24;Tops;Knits;873;0;1;0;
13337;;47;Tops;Knits;873;0;5;1;
14181;;39;Tops;Knits;873;0;5;1;
17207;;46;Tops;Knits;873;0;5;1;
17217;;47;Tops;Knits;873;0;4;1;
17899;;36;Tops;Knits;873;0;5;1;
19653;;49;Tops;Knits;873;0;5;1;
20604;;52;Tops;Knits;873;0;5;1;
4925;;28;Tops;Knits;876;0;5;1;
9334;;34;Tops;Knits;876;0;5;1;
10038;;37;Tops;Knits;876;0;5;1;
10631;;27;Tops;Knits;876;0;2;0;
16818;;33;Tops;Knits;876;0;4;1;
17605;;27;Tops;Knits;877;0;5;1;
22448;;45;Tops;Knits;877;0;5;1;
3436;;34;Tops;Knits;878;0;5;1;
8845;;63;Tops;Knits;878;0;4;1;
2430;;39;Tops;Knits;879;0;3;0;
17713;;25;Tops;Knits;879;0;4;1;
18046;;36;Tops;Knits;879;0;5;1;
2057;;37;Tops;Knits;880;0;5;1;
16249;;38;Tops;Knits;880;0;4;1;
5182;;41;Tops;Knits;881;0;5;1;
5728;;60;Tops;Knits;881;0;5;1;
12901;;62;Tops;Knits;882;0;5;1;
1741;;40;Tops;Knits;883;0;4;1;
2110;;32;Tops;Knits;883;0;4;1;
4914;;36;Tops;Knits;883;0;4;1;
11212;;45;Tops;Knits;883;0;4;1;
13394;;32;Tops;Knits;883;0;5;1;
2228;;45;Tops;Knits;886;0;5;1;
6868;;58;Tops;Knits;886;0;5;1;
7704;;55;Tops;Knits;886;0;5;1;
11689;;33;Tops;Knits;886;0;5;1;
14346;;31;Tops;Knits;886;0;5;1;
17390;;47;Tops;Knits;886;0;5;1;
14202;;46;Tops;Knits;888;0;3;0;
13734;;43;Tops;Fine gauge;890;0;5;1;
302;;36;Tops;Fine gauge;895;0;5;1;
584;;36;Tops;Fine gauge;895;0;5;1;
1814;;44;Tops;Fine gauge;895;0;5;1;
2136;;46;Tops;Fine gauge;895;0;5;1;
2691;;34;Tops;Fine gauge;895;0;5;1;
3787;;36;Tops;Fine gauge;895;0;5;1;
4833;;56;Tops;Fine gauge;895;0;5;1;
5812;;24;Tops;Fine gauge;895;0;5;1;
6211;;35;Tops;Fine gauge;895;0;2;0;
7428;;39;Tops;Fine gauge;895;0;5;1;
10540;;38;Tops;Fine gauge;895;0;5;1;
11170;;72;Tops;Fine gauge;895;0;5;1;
11716;;48;Tops;Fine gauge;895;0;5;1;
13373;;34;Tops;Fine gauge;895;0;5;1;
14193;;31;Tops;Fine gauge;895;0;5;1;
14506;;46;Tops;Fine gauge;895;0;5;1;
17433;;42;Tops;Fine gauge;895;0;5;1;
17438;;53;Tops;Fine gauge;895;0;5;1;
21647;;47;Tops;Fine gauge;895;0;5;1;
21812;;39;Tops;Fine gauge;895;0;5;1;
18891;;48;Tops;Fine gauge;898;0;5;1;
22048;;22;Tops;Fine gauge;898;0;5;1;
573;;33;Tops;Fine gauge;899;0;5;1;
2647;;36;Tops;Fine gauge;902;0;5;1;
11264;;62;Tops;Fine gauge;902;0;5;1;
8249;;28;Tops;Fine gauge;903;0;5;1;
15979;;20;Tops;Fine gauge;903;0;5;1;
20620;;35;Tops;Fine gauge;903;0;5;1;
11141;;37;Tops;Fine gauge;906;0;5;1;
14220;;41;Tops;Fine gauge;906;0;5;1;
21775;;39;Tops;Fine gauge;906;0;4;1;
1896;;67;Tops;Fine gauge;907;0;5;1;
2789;;64;Tops;Fine gauge;907;0;5;1;
17717;;45;Tops;Fine gauge;907;0;5;1;
20981;;49;Tops;Fine gauge;907;0;3;0;
21072;;39;Tops;Fine gauge;907;0;5;1;
12370;;30;Tops;Fine gauge;909;0;5;1;
21221;;32;Tops;Fine gauge;912;0;5;1;
22888;;49;Tops;Fine gauge;912;0;5;1;
8871;;37;Tops;Fine gauge;916;0;5;1;
19330;;27;Tops;Sweaters;921;0;5;1;
4580;;48;Tops;Sweaters;927;0;5;1;
9625;;46;Tops;Sweaters;927;0;4;1;
9965;;39;Tops;Sweaters;927;0;4;1;
12884;;40;Tops;Sweaters;927;0;5;1;
13052;;60;Tops;Sweaters;927;0;5;1;
16383;;44;Tops;Sweaters;927;0;1;0;
18485;;37;Tops;Sweaters;927;0;2;0;
19432;;35;Tops;Sweaters;929;0;5;1;
15766;;43;Tops;Sweaters;933;0;5;1;
577;;28;Tops;Sweaters;936;0;4;1;
3487;;37;Tops;Sweaters;936;0;4;1;
7515;;31;Tops;Sweaters;936;0;5;1;
8931;;53;Tops;Sweaters;936;0;5;1;
15958;;34;Tops;Sweaters;936;0;5;1;
16176;;57;Tops;Sweaters;936;0;5;1;
18642;;49;Tops;Sweaters;936;0;5;1;
21960;;44;Tops;Sweaters;936;0;5;1;
22603;;37;Tops;Sweaters;936;0;5;1;
22677;;61;Tops;Sweaters;936;0;5;1;
3909;;43;Tops;Sweaters;937;0;5;1;
12196;;32;Tops;Sweaters;937;0;3;1;
17338;;37;Tops;Sweaters;937;0;5;1;
22022;;48;Tops;Sweaters;937;0;5;1;
2064;;43;Tops;Sweaters;939;0;5;1;
2165;;42;Tops;Sweaters;939;0;5;1;
12435;;36;Tops;Sweaters;939;0;5;1;
935;;36;Tops;Sweaters;940;0;5;1;
11511;;46;Tops;Sweaters;940;0;5;1;
13121;;40;Tops;Sweaters;940;0;5;1;
23259;;53;Tops;Sweaters;940;0;5;1;
19990;;35;Tops;Sweaters;941;0;4;1;
21574;;45;Tops;Sweaters;941;0;5;1;
14845;;49;Tops;Sweaters;942;0;5;1;
10032;;75;Tops;Sweaters;943;0;3;0;
14134;;32;Tops;Sweaters;944;0;5;1;
3689;;48;Tops;Sweaters;945;0;2;0;
10417;;31;Tops;Sweaters;945;0;4;1;
11768;;26;Tops;Sweaters;945;0;5;1;
17551;;32;Tops;Sweaters;945;0;4;1;
22682;;35;Tops;Sweaters;945;0;5;1;
17296;;52;Tops;Sweaters;947;0;5;1;
19803;;43;Tops;Sweaters;949;0;2;0;
22746;;35;Tops;Sweaters;949;0;5;1;
20320;;38;Tops;Sweaters;950;0;4;1;
7299;;39;Tops;Sweaters;954;0;5;1;
10061;;25;Tops;Sweaters;954;0;5;1;
6150;;21;Jackets;Jackets;961;0;5;1;
4910;;30;Jackets;Jackets;964;0;5;1;
7568;;53;Jackets;Jackets;964;0;3;0;
15031;;32;Jackets;Jackets;964;0;1;0;
22414;;25;Jackets;Jackets;964;0;5;1;
19166;;37;Jackets;Jackets;966;0;5;1;
11608;;32;Jackets;Jackets;967;0;5;1;
4072;;28;Jackets;Jackets;974;0;5;1;
3912;;53;Jackets;Jackets;975;0;4;1;
11656;;22;Jackets;Jackets;975;0;5;1;
13056;;35;Jackets;Jackets;975;0;5;1;
2903;;31;Jackets;Jackets;984;0;5;1;
11566;;43;Jackets;Jackets;984;0;4;1;
12179;;34;Jackets;Jackets;984;0;4;1;
13694;;48;Jackets;Jackets;984;0;4;1;
15172;;33;Jackets;Jackets;984;0;5;1;
16607;;53;Jackets;Jackets;984;0;5;1;
22345;;28;Jackets;Jackets;984;0;5;1;
23032;;21;Jackets;Jackets;984;0;5;1;
23370;;56;Jackets;Jackets;984;0;5;1;
21612;;39;Jackets;Jackets;986;0;5;1;
16433;;41;Bottoms;Skirts;992;0;4;1;
17877;;50;Bottoms;Skirts;992;0;5;1;
4834;;32;Bottoms;Skirts;993;0;4;1;
8559;;35;Bottoms;Skirts;993;0;5;1;
19829;;34;Bottoms;Skirts;993;0;4;1;
20260;;49;Bottoms;Skirts;993;0;5;1;
21509;;35;Bottoms;Skirts;993;0;3;0;
2677;;35;Bottoms;Skirts;994;0;5;1;
8912;;57;Bottoms;Skirts;994;0;5;1;
13032;;35;Bottoms;Skirts;995;0;3;0;
13542;;48;Bottoms;Skirts;995;0;5;1;
2639;;32;Bottoms;Skirts;996;0;5;1;
18743;;31;Bottoms;Skirts;996;0;5;1;
20519;;52;Bottoms;Skirts;996;0;5;1;
13826;;52;Bottoms;Skirts;997;0;4;1;
3949;;43;Bottoms;Skirts;999;0;4;1;
6093;;33;Bottoms;Skirts;999;0;5;1;
524;;34;Bottoms;Skirts;1001;0;4;1;
4392;;22;Bottoms;Skirts;1001;0;5;1;
10779;;33;Bottoms;Skirts;1001;0;5;1;
23094;;32;Bottoms;Skirts;1001;0;5;1;
3692;;91;Bottoms;Skirts;1002;0;5;1;
930;;32;Bottoms;Skirts;1004;0;5;1;
6528;;41;Bottoms;Skirts;1004;0;5;1;
16612;;50;Bottoms;Skirts;1004;0;5;1;
13484;;56;Bottoms;Skirts;1007;0;5;1;
826;;53;Bottoms;Skirts;1008;0;3;1;
2680;;39;Bottoms;Skirts;1008;0;3;0;
4577;;35;Bottoms;Skirts;1008;0;5;1;
10303;;31;Bottoms;Skirts;1008;0;5;1;
16302;;28;Bottoms;Skirts;1008;0;5;1;
16978;;24;Bottoms;Skirts;1008;0;5;1;
4161;;52;Bottoms;Skirts;1009;0;5;1;
4688;;28;Bottoms;Skirts;1009;0;4;1;
5068;;56;Bottoms;Skirts;1009;0;5;1;
10000;;27;Bottoms;Skirts;1009;0;5;1;
12415;;45;Bottoms;Skirts;1009;0;5;1;
13500;;32;Bottoms;Skirts;1009;0;5;1;
3833;;31;Bottoms;Skirts;1011;0;4;1;
6243;;40;Bottoms;Skirts;1015;0;5;1;
8143;;52;Bottoms;Skirts;1015;0;5;1;
21001;;30;Bottoms;Skirts;1020;0;4;1;
536;;34;Bottoms;Jeans;1022;0;5;1;
2455;;41;Bottoms;Jeans;1022;0;5;1;
3782;;57;Bottoms;Jeans;1022;0;5;1;
8687;;37;Bottoms;Jeans;1022;0;5;1;
10546;;40;Bottoms;Jeans;1022;0;5;1;
14057;;35;Bottoms;Jeans;1022;0;4;1;
15104;;38;Bottoms;Jeans;1022;0;4;1;
20238;;31;Bottoms;Jeans;1022;0;5;1;
20391;;49;Bottoms;Jeans;1022;0;5;1;
21162;;33;Bottoms;Jeans;1022;0;5;1;
8281;;36;Bottoms;Jeans;1024;0;5;1;
15299;;52;Bottoms;Jeans;1024;0;5;1;
15426;;29;Bottoms;Jeans;1024;0;3;1;
19810;;39;Bottoms;Jeans;1024;0;5;1;
259;;38;Bottoms;Jeans;1025;0;5;1;
2864;;48;Bottoms;Jeans;1025;0;5;1;
3555;;49;Bottoms;Jeans;1025;0;5;1;
16935;;44;Bottoms;Jeans;1025;0;5;1;
19004;;41;Bottoms;Jeans;1025;0;5;1;
20507;;24;Bottoms;Jeans;1025;0;5;1;
18491;;47;Bottoms;Jeans;1026;0;5;1;
3047;;24;Bottoms;Jeans;1028;0;5;1;
14469;;48;Bottoms;Jeans;1028;0;5;1;
7728;;35;Bottoms;Jeans;1029;0;5;1;
11319;;28;Bottoms;Jeans;1030;0;5;1;
17813;;53;Bottoms;Jeans;1030;0;5;1;
22335;;47;Bottoms;Jeans;1030;0;3;1;
97;;53;Bottoms;Jeans;1033;0;5;1;
3419;;50;Bottoms;Jeans;1033;0;5;1;
9744;;55;Bottoms;Jeans;1033;0;5;1;
13978;;37;Bottoms;Jeans;1033;0;3;0;
14053;;56;Bottoms;Jeans;1033;0;5;1;
14470;;71;Bottoms;Jeans;1033;0;5;1;
17787;;40;Bottoms;Jeans;1033;0;5;1;
18616;;40;Bottoms;Jeans;1033;0;5;1;
10328;;36;Bottoms;Jeans;1035;0;5;1;
14365;;52;Bottoms;Jeans;1035;0;5;1;
14813;;38;Bottoms;Jeans;1035;0;4;1;
87;;38;Bottoms;Jeans;1037;0;3;0;
173;;42;Bottoms;Jeans;1037;0;5;1;
4322;;41;Bottoms;Jeans;1037;0;3;0;
4014;;41;Bottoms;Jeans;1038;0;5;1;
10132;;42;Bottoms;Jeans;1038;0;5;1;
6001;;32;Bottoms;Pants;1042;0;3;0;
11073;;34;Bottoms;Pants;1042;0;5;1;
8133;;35;Bottoms;Pants;1047;0;5;1;
3124;;36;Bottoms;Pants;1049;0;5;1;
20306;;41;Bottoms;Pants;1050;0;4;1;
20915;;44;Bottoms;Pants;1052;0;5;1;
5183;;49;Bottoms;Pants;1053;0;5;1;
6317;;29;Bottoms;Pants;1053;0;3;0;
10757;;44;Bottoms;Pants;1053;0;5;1;
12621;;35;Bottoms;Pants;1053;0;4;1;
209;;29;Bottoms;Pants;1054;0;1;0;
8395;;40;Bottoms;Pants;1054;0;3;0;
19596;;47;Bottoms;Pants;1054;0;5;1;
20787;;33;Bottoms;Pants;1054;0;4;0;
3941;;29;Bottoms;Pants;1055;0;5;1;
1583;;55;Bottoms;Pants;1056;0;5;1;
4575;;45;Bottoms;Pants;1056;0;5;1;
5926;;56;Bottoms;Pants;1056;0;5;1;
10767;;37;Bottoms;Pants;1056;0;2;0;
13072;;59;Bottoms;Pants;1056;0;5;1;
14384;;28;Bottoms;Pants;1056;0;5;1;
20461;;40;Bottoms;Pants;1056;0;5;1;
2961;;25;Bottoms;Pants;1059;0;4;1;
5624;;32;Bottoms;Pants;1059;0;4;1;
5720;;37;Bottoms;Pants;1059;0;5;1;
5804;;53;Bottoms;Pants;1059;0;5;1;
7834;;34;Bottoms;Pants;1059;0;4;1;
8407;;28;Bottoms;Pants;1059;0;5;1;
18851;;46;Bottoms;Pants;1059;0;5;1;
2409;;70;Bottoms;Pants;1060;0;5;1;
18352;;53;Bottoms;Pants;1060;0;5;1;
5282;;32;Bottoms;Pants;1067;0;5;1;
2739;;38;Bottoms;Pants;1068;0;5;1;
6704;;30;Bottoms;Pants;1068;0;4;1;
11002;;37;Bottoms;Pants;1068;0;4;1;
12322;;35;Bottoms;Pants;1068;0;5;1;
21031;;24;Bottoms;Pants;1070;0;4;1;
4610;;52;Dresses;Dresses;1072;0;5;1;
7593;;53;Dresses;Dresses;1072;0;4;1;
9756;;34;Dresses;Dresses;1072;0;1;0;
16699;;40;Dresses;Dresses;1072;0;5;1;
18442;;68;Dresses;Dresses;1072;0;2;0;
22759;;46;Dresses;Dresses;1072;0;5;1;
7629;;39;Dresses;Dresses;1074;0;5;1;
4276;;34;Dresses;Dresses;1077;0;4;1;
4605;;40;Dresses;Dresses;1077;0;5;1;
5154;;47;Dresses;Dresses;1077;0;3;0;
6478;;37;Dresses;Dresses;1077;0;5;1;
7700;;35;Dresses;Dresses;1077;0;5;1;
11346;;33;Dresses;Dresses;1077;0;5;1;
13579;;31;Dresses;Dresses;1077;0;5;1;
16579;;30;Dresses;Dresses;1077;0;5;1;
21118;;28;Dresses;Dresses;1077;0;5;1;
22120;;39;Dresses;Dresses;1077;0;5;1;
69;;43;Dresses;Dresses;1078;0;5;1;
203;;35;Dresses;Dresses;1078;0;4;1;
1172;;22;Dresses;Dresses;1078;0;5;1;
2161;;35;Dresses;Dresses;1078;0;5;1;
2606;;44;Dresses;Dresses;1078;0;5;1;
2893;;24;Dresses;Dresses;1078;0;5;1;
4532;;42;Dresses;Dresses;1078;0;5;1;
5350;;45;Dresses;Dresses;1078;0;5;1;
5992;;36;Dresses;Dresses;1078;0;5;1;
6236;;41;Dresses;Dresses;1078;0;4;0;
6894;;37;Dresses;Dresses;1078;0;5;1;
7131;;49;Dresses;Dresses;1078;0;5;1;
7632;;29;Dresses;Dresses;1078;0;5;1;
9135;;35;Dresses;Dresses;1078;0;5;1;
9667;;39;Dresses;Dresses;1078;0;5;1;
9903;;28;Dresses;Dresses;1078;0;5;1;
10094;;30;Dresses;Dresses;1078;0;4;1;
10937;;69;Dresses;Dresses;1078;0;5;1;
11585;;40;Dresses;Dresses;1078;0;5;1;
11935;;42;Dresses;Dresses;1078;0;5;1;
11999;;30;Dresses;Dresses;1078;0;4;1;
12200;;32;Dresses;Dresses;1078;0;5;1;
12208;;43;Dresses;Dresses;1078;0;5;1;
12341;;34;Dresses;Dresses;1078;0;4;0;
13589;;32;Dresses;Dresses;1078;0;4;1;
14351;;38;Dresses;Dresses;1078;0;5;1;
14658;;65;Dresses;Dresses;1078;0;5;1;
15654;;48;Dresses;Dresses;1078;0;5;1;
17357;;35;Dresses;Dresses;1078;0;5;1;
17382;;53;Dresses;Dresses;1078;0;1;0;
20627;;57;Dresses;Dresses;1078;0;4;1;
20818;;45;Dresses;Dresses;1078;0;5;1;
21113;;35;Dresses;Dresses;1078;0;5;1;
21368;;20;Dresses;Dresses;1078;0;5;1;
22576;;41;Dresses;Dresses;1078;0;3;1;
22974;;22;Dresses;Dresses;1078;0;4;1;
23080;;39;Dresses;Dresses;1078;0;4;1;
250;;49;Dresses;Dresses;1079;0;3;0;
5952;;41;Dresses;Dresses;1079;0;5;1;
7241;;39;Dresses;Dresses;1079;0;5;1;
18379;;35;Dresses;Dresses;1079;0;5;1;
6979;;28;Dresses;Dresses;1080;0;5;1;
8706;;32;Dresses;Dresses;1080;0;5;1;
10110;;36;Dresses;Dresses;1080;0;5;1;
10360;;40;Dresses;Dresses;1080;0;5;1;
15151;;29;Dresses;Dresses;1080;0;5;1;
16239;;60;Dresses;Dresses;1080;0;5;1;
17491;;32;Dresses;Dresses;1080;0;5;1;
20935;;50;Dresses;Dresses;1080;0;5;1;
22807;;40;Dresses;Dresses;1080;0;3;1;
102;;52;Dresses;Dresses;1081;0;5;1;
3159;;39;Dresses;Dresses;1081;0;3;0;
5214;;35;Dresses;Dresses;1081;0;5;1;
7100;;48;Dresses;Dresses;1081;0;4;1;
7191;;48;Dresses;Dresses;1081;0;5;1;
7525;;66;Dresses;Dresses;1081;0;5;1;
9473;;44;Dresses;Dresses;1081;0;5;1;
11382;;48;Dresses;Dresses;1081;0;5;1;
12093;;27;Dresses;Dresses;1081;0;5;1;
12685;;35;Dresses;Dresses;1081;0;5;1;
13092;;43;Dresses;Dresses;1081;0;5;1;
14189;;61;Dresses;Dresses;1081;0;5;1;
14673;;25;Dresses;Dresses;1081;0;4;1;
14707;;45;Dresses;Dresses;1081;0;5;1;
16507;;32;Dresses;Dresses;1081;0;5;1;
16803;;38;Dresses;Dresses;1081;0;5;1;
17201;;36;Dresses;Dresses;1081;0;5;1;
19007;;65;Dresses;Dresses;1081;0;3;1;
21041;;31;Dresses;Dresses;1081;0;5;1;
21502;;40;Dresses;Dresses;1081;0;5;1;
21648;;38;Dresses;Dresses;1081;0;5;1;
817;;35;Dresses;Dresses;1082;0;5;1;
3266;;32;Dresses;Dresses;1082;0;4;1;
5339;;30;Dresses;Dresses;1082;0;5;1;
9750;;43;Dresses;Dresses;1082;0;5;1;
13159;;36;Dresses;Dresses;1082;0;1;0;
1357;;39;Dresses;Dresses;1083;0;5;1;
2182;;40;Dresses;Dresses;1083;0;4;1;
11928;;35;Dresses;Dresses;1083;0;5;1;
22567;;50;Dresses;Dresses;1083;0;5;1;
23270;;34;Dresses;Dresses;1083;0;4;1;
16346;;44;Dresses;Dresses;1085;0;5;1;
145;;26;Dresses;Dresses;1086;0;4;1;
9630;;36;Dresses;Dresses;1086;0;5;1;
11361;;53;Dresses;Dresses;1086;0;5;1;
12802;;33;Dresses;Dresses;1086;0;5;1;
13404;;63;Dresses;Dresses;1086;0;5;1;
14750;;52;Dresses;Dresses;1086;0;5;1;
17424;;39;Dresses;Dresses;1086;0;5;1;
20993;;35;Dresses;Dresses;1086;0;5;1;
6715;;32;Dresses;Dresses;1087;0;5;1;
13058;;42;Dresses;Dresses;1087;0;3;1;
14290;;38;Dresses;Dresses;1087;0;5;1;
15206;;55;Dresses;Dresses;1087;0;4;1;
16486;;46;Dresses;Dresses;1087;0;5;1;
16781;;59;Dresses;Dresses;1089;0;5;1;
20644;;43;Dresses;Dresses;1089;0;5;1;
16648;;33;Dresses;Dresses;1092;0;5;1;
9093;;43;Dresses;Dresses;1093;0;1;0;
509;;40;Dresses;Dresses;1094;0;4;1;
780;;35;Dresses;Dresses;1094;0;2;0;
1886;;33;Dresses;Dresses;1094;0;5;1;
5913;;36;Dresses;Dresses;1094;0;5;1;
6177;;29;Dresses;Dresses;1094;0;5;1;
7237;;47;Dresses;Dresses;1094;0;5;1;
7475;;35;Dresses;Dresses;1094;0;4;1;
7743;;35;Dresses;Dresses;1094;0;5;1;
8259;;62;Dresses;Dresses;1094;0;4;1;
9367;;36;Dresses;Dresses;1094;0;5;1;
9374;;41;Dresses;Dresses;1094;0;4;1;
9470;;64;Dresses;Dresses;1094;0;4;1;
10207;;31;Dresses;Dresses;1094;0;5;1;
13700;;30;Dresses;Dresses;1094;0;5;1;
13766;;24;Dresses;Dresses;1094;0;1;0;
14534;;30;Dresses;Dresses;1094;0;5;1;
15113;;39;Dresses;Dresses;1094;0;5;1;
16739;;55;Dresses;Dresses;1094;0;4;0;
17274;;39;Dresses;Dresses;1094;0;5;1;
17368;;26;Dresses;Dresses;1094;0;5;1;
17471;;42;Dresses;Dresses;1094;0;4;1;
8961;;34;Dresses;Dresses;1095;0;5;1;
10845;;35;Dresses;Dresses;1095;0;5;1;
12293;;33;Dresses;Dresses;1095;0;5;1;
13969;;55;Dresses;Dresses;1095;0;5;1;
347;;30;Dresses;Dresses;1096;0;5;1;
20518;;35;Dresses;Dresses;1096;0;5;1;
4248;;35;Dresses;Dresses;1098;0;5;1;
7002;;42;Dresses;Dresses;1098;0;5;1;
16221;;38;Dresses;Dresses;1098;0;5;1;
16359;;34;Dresses;Dresses;1098;0;5;1;
3006;;33;Dresses;Dresses;1099;0;5;1;
4768;;47;Dresses;Dresses;1099;0;5;0;
18006;;41;Dresses;Dresses;1099;0;4;1;
6917;;46;Dresses;Dresses;1100;0;5;1;
9981;;43;Dresses;Dresses;1103;0;5;1;
20596;;31;Dresses;Dresses;1103;0;5;1;
2458;;39;Dresses;Dresses;1104;0;1;0;
2695;;35;Dresses;Dresses;1104;0;5;1;
8529;;39;Dresses;Dresses;1104;0;5;1;
8569;;39;Dresses;Dresses;1104;0;5;1;
9167;;39;Dresses;Dresses;1104;0;5;1;
12395;;56;Dresses;Dresses;1104;0;5;1;
16903;;32;Dresses;Dresses;1104;0;5;1;
22054;;36;Dresses;Dresses;1104;0;5;1;
22933;;49;Dresses;Dresses;1104;0;5;1;
6268;;32;Dresses;Dresses;1107;0;5;1;
2183;;51;Dresses;Dresses;1110;0;5;1;
4411;;59;Dresses;Dresses;1110;0;5;1;
6400;;38;Dresses;Dresses;1110;0;5;1;
7549;;47;Dresses;Dresses;1110;0;5;1;
9196;;38;Dresses;Dresses;1110;0;5;1;
14747;;27;Dresses;Dresses;1110;0;4;1;
15933;;44;Dresses;Dresses;1110;0;5;1;
16395;;34;Dresses;Dresses;1110;0;4;1;
18988;;36;Dresses;Dresses;1110;0;5;1;
3932;;42;Jackets;Outerwear;1117;0;4;1;
5553;;42;Jackets;Outerwear;1118;0;5;1;
14663;;34;Jackets;Outerwear;1123;0;4;1;
21146;;54;Jackets;Outerwear;1125;0;5;1;
5158;;31;Jackets;Outerwear;1126;0;5;1;
12927;;35;Jackets;Outerwear;1126;0;5;1;
20501;;36;Jackets;Outerwear;1126;0;5;1;
1232;;50;Jackets;Outerwear;1133;0;5;1;
17431;;53;Trend;Trend;1135;0;1;0;
12115;;32;Intimate;Layering;1164;0;5;1;
13726;;41;Tops;Knits;1181;0;5;1;
847;;38;Dresses;Dresses;1201;0;3;1;
10962;;35;Dresses;Dresses;1201;0;5;1;
1222;;43;Intimate;Layering;1203;0;5;1;
13737;;34;Intimate;Layering;1203;0;4;1;
17499;;30;Intimate;Layering;1203;0;5;1;
22174;;37;Intimate;Layering;1203;0;5;1;